Tournament,Home Team,Away Team,Home Score,Away Score,Days,date,Match Type
Premier League,Wolverhampton Wanderers,Newcastle United,2,2,Yesterday,"Sunday, 29 October 2023",Full time
Premier League,West Ham United,Everton,0,1,Yesterday,"Sunday, 29 October 2023",Full time
Premier League,Aston Villa,Luton Town,3,1,Yesterday,"Sunday, 29 October 2023",Full time
Premier League,Brighton & Hove Albion,Fulham,1,1,Yesterday,"Sunday, 29 October 2023",Full time
Premier League,Liverpool,Nottingham Forest,3,0,Yesterday,"Sunday, 29 October 2023",Full time
Premier League,Manchester United,Manchester City,0,3,Yesterday,"Sunday, 29 October 2023",Full time
LaLiga,Mallorca,Getafe,0,0,Yesterday,"Sunday, 29 October 2023",Full time
LaLiga,Cádiz,Sevilla,2,2,Yesterday,"Sunday, 29 October 2023",Full time
LaLiga,Real Betis,Osasuna,2,1,Yesterday,"Sunday, 29 October 2023",Full time
LaLiga,Rayo Vallecano,Real Sociedad,2,2,Yesterday,"Sunday, 29 October 2023",Full time
Bundesliga,RB Leipzig,1. FC Köln,6,0,Yesterday,"Sunday, 29 October 2023",Full time
Bundesliga,Eintracht Frankfurt,Borussia Dortmund,3,3,Yesterday,"Sunday, 29 October 2023",Full time
Serie A,Lecce,Torino,0,1,Yesterday,"Sunday, 29 October 2023",Full time
Serie A,Juventus,Hellas Verona,1,0,Yesterday,"Sunday, 29 October 2023",Full time
Serie A,Cagliari,Frosinone,4,3,Yesterday,"Sunday, 29 October 2023",Full time
Serie A,Monza,Udinese,1,1,Yesterday,"Sunday, 29 October 2023",Full time
Ligue 1 Uber Eats,Lens,Nantes,4,0,Yesterday,"Sunday, 29 October 2023",Full time
Ligue 1 Uber Eats,Brest,PSG,2,3,Yesterday,"Sunday, 29 October 2023",Full time
Ligue 1 Uber Eats,Lille,Monaco,2,0,Yesterday,"Sunday, 29 October 2023",Full time
Ligue 1 Uber Eats,Metz,Le Havre,0,0,Yesterday,"Sunday, 29 October 2023",Full time
Ligue 1 Uber Eats,Montpellier,Toulouse,3,0,Yesterday,"Sunday, 29 October 2023",Full time
Scottish Premiership,Kilmarnock,Aberdeen,2,0,Yesterday,"Sunday, 29 October 2023",Full time
Scottish Premiership,Rangers,Hearts,2,1,Yesterday,"Sunday, 29 October 2023",Full time
1. Division,Helsingør,Fredericia,3,3,Yesterday,"Sunday, 29 October 2023",Full time
1. Division,Næstved,Vendsyssel,1,1,Yesterday,"Sunday, 29 October 2023",Full time
1. HNL,Osijek,Istra,3,1,Yesterday,"Sunday, 29 October 2023",Full time
1. HNL,Rijeka,Gorica,1,0,Yesterday,"Sunday, 29 October 2023",Full time
1. Lig,Kocaelispor,Gençlerbirliği,2,2,Yesterday,"Sunday, 29 October 2023",Full time
1. Lig,Manisa FK,Çorum FK,2,2,Yesterday,"Sunday, 29 October 2023",Full time
1. Lig,Adanaspor,Ümraniye,1,0,Yesterday,"Sunday, 29 October 2023",Full time
1. Lig,Altay,Sakaryaspor,1,2,Yesterday,"Sunday, 29 October 2023",Full time
1. SNL,Maribor,Rogaška,2,1,Yesterday,"Sunday, 29 October 2023",Full time
1. SNL,Radomlje,Mura,1,1,Yesterday,"Sunday, 29 October 2023",Full time
2. Bundesliga,Kaiserslautern,Hamburg,3,3,Yesterday,"Sunday, 29 October 2023",Full time
2. Bundesliga,Magdeburg,SV 07 Elversberg,1,2,Yesterday,"Sunday, 29 October 2023",Full time
2. Bundesliga,Holstein,Nürnberg,0,2,Yesterday,"Sunday, 29 October 2023",Full time
2. Bundesliga,Wiesbaden,Hansa Rostock,1,0,Yesterday,"Sunday, 29 October 2023",Full time
2. Lig,Isparta 32,Karaman FK,2,0,Yesterday,"Sunday, 29 October 2023",Full time
2. Lig,24 Erzincan,Utas Usakspor,2,0,Yesterday,"Sunday, 29 October 2023",Full time
2. Liga,Ried,St. Pölten,1,1,Yesterday,"Sunday, 29 October 2023",Full time
3. Lig,52 Orduspor,Kepezspor,2,0,Yesterday,"Sunday, 29 October 2023",Full time
3. Lig,Karşıyaka,Elazığspor,0,0,Yesterday,"Sunday, 29 October 2023",Full time
3. Lig,Bornova 1877,Erbaa,1,1,Yesterday,"Sunday, 29 October 2023",Full time
3. Liga,Saarbrücken,Dynamo Dresden,0,0,Abandoned,"Sunday, 29 October 2023",
3. Liga,Verl,Lübeck,4,0,Abandoned,"Sunday, 29 October 2023",
A Lyga,Kauno Žalgiris,H. Litauen,4,0,Yesterday,"Sunday, 29 October 2023",Full time
A-League Men,Central Coast Mariners,Macarthur FC,1,2,Yesterday,"Sunday, 29 October 2023",Full time
A-League Men,Melbourne Victory,Newcastle Jets,5,3,Yesterday,"Sunday, 29 October 2023",Full time
A-League Men,Adelaide United,Melbourne City,6,0,Yesterday,"Sunday, 29 October 2023",Full time
African Football League,Mamelodi Sundowns,Al Ahly,1,0,Yesterday,"Sunday, 29 October 2023",Full time
Allsvenskan,Kalmar FF,Värnamo,1,3,Yesterday,"Sunday, 29 October 2023",Full time
Allsvenskan,Mjällby,Häcken,2,1,Yesterday,"Sunday, 29 October 2023",Full time
Allsvenskan,Norrköping,Malmö,0,1,Yesterday,"Sunday, 29 October 2023",Full time
Armenian Premier League,West Armenia,Pyunik,2,3,Yesterday,"Sunday, 29 October 2023",Full time
Armenian Premier League,BKMA,Ararat,2,0,Yesterday,"Sunday, 29 October 2023",Full time
Azerbaijan Premier League,Sumgayit FK,Qəbələ,0,0,Yesterday,"Sunday, 29 October 2023",Full time
Azerbaijan Premier League,Neftçi,Sabah,0,1,Yesterday,"Sunday, 29 October 2023",Full time
Botola,Olympic Safi,Raja Club Athletic,2,2,Yesterday,"Sunday, 29 October 2023",Full time
Botola,Club Athletic Youssoufia Berrechid,UTS,2,1,Yesterday,"Sunday, 29 October 2023",Full time
Botola,FAR Rabat,IR Tanger,1,0,Yesterday,"Sunday, 29 October 2023",Full time
Brasileirão Série A,Palmeiras,Bahia,1,0,Yesterday,"Sunday, 29 October 2023",Full time
Brasileirão Série A,América MG,Grêmio,3,4,Yesterday,"Sunday, 29 October 2023",Full time
Brasileirão Série A,Atl. Mineiro,Fluminense,2,0,Yesterday,"Sunday, 29 October 2023",Full time
Brasileirão Série B,Ituano,Mirassol,0,0,Yesterday,"Sunday, 29 October 2023",Full time
Brasileirão Série B,Criciúma,Sampaio Corrêa FC,3,0,Yesterday,"Sunday, 29 October 2023",Full time
Brasileirão Série B,Vila Nova,Atlético GO,2,1,Yesterday,"Sunday, 29 October 2023",Full time
Bundesliga,Sturm,Austria,0,1,Yesterday,"Sunday, 29 October 2023",Full time
Bundesliga,A Lustenau,Hartberg,0,4,Yesterday,"Sunday, 29 October 2023",Full time
CONMEBOL Sudamericana,Fortaleza,LDU Quito,1 (3),1 (4),,"Sunday, 29 October 2023",Full timePens
Campeonato Uruguayo Femenino,Nacional Women,Boston River Women,6,0,Yesterday,"Sunday, 29 October 2023",Full time
Campeonato Uruguayo Femenino,River Plate Women,Liverpool Women,1,2,Yesterday,"Sunday, 29 October 2023",Full time
Campeonato Uruguayo Femenino,Defensor Sporting Women,City Torque Women,2,3,Yesterday,"Sunday, 29 October 2023",Full time
Campeonato Uruguayo Femenino,Wanderers Women,Racing Women,6,0,Yesterday,"Sunday, 29 October 2023",Full time
Campionato Primavera 1 TIMvision,Frosinone Calcio Under 19,Torino Under 19,2,3,Yesterday,"Sunday, 29 October 2023",Full time
Campionato Primavera 1 TIMvision,Milan U19,Sampdoria Under 19,2,1,Yesterday,"Sunday, 29 October 2023",Full time
Campionato Primavera 1 TIMvision,US Sassuolo Calcio U19,Lecce U19,2,1,Yesterday,"Sunday, 29 October 2023",Full time
Campionato Primavera 1 TIMvision,Lazio U19,Empoli U19,2,2,Yesterday,"Sunday, 29 October 2023",Full time
Canadian Premier League,Forge,Cavalry,2,1,Yesterday,"Sunday, 29 October 2023",Full time
Carioca 2,Barra Tijuca,Duque,1,0,Yesterday,"Sunday, 29 October 2023",Full time
Carioca 2,Nova Cidade,Macaense,1,1,Yesterday,"Sunday, 29 October 2023",Full time
Carioca 2,Pérolas Negras,Goytacaz,0,1,Yesterday,"Sunday, 29 October 2023",Full time
Carioca 2,Serrano RJ,São Gonçalo EC,4,3,Yesterday,"Sunday, 29 October 2023",Full time
Carioca 2,Macaé,Friburguense,3,4,Yesterday,"Sunday, 29 October 2023",Full time
Challenge League,Thun,Vaduz,2,1,Yesterday,"Sunday, 29 October 2023",Full time
Challenger Pro League,SK Beveren,Francs Borains,3,0,Yesterday,"Sunday, 29 October 2023",Full time
Challenger Pro League,Jong Genk,Lierse K,1,3,Yesterday,"Sunday, 29 October 2023",Full time
Challenger Pro League,K Beerschot VA,Dender,0,1,Yesterday,"Sunday, 29 October 2023",Full time
Challenger Pro League,SL16 FC,Deinze,2,1,Yesterday,"Sunday, 29 October 2023",Full time
Chinese Super League,Guoan,Rongcheng,2,3,Yesterday,"Sunday, 29 October 2023",Full time
Chinese Super League,Henan,Changchun,1,1,Yesterday,"Sunday, 29 October 2023",Full time
Chinese Super League,Meizhou,Nantong Zhiyun,0,4,Yesterday,"Sunday, 29 October 2023",Full time
Chinese Super League,Hainiu,Dalian,2,2,Yesterday,"Sunday, 29 October 2023",Full time
Chinese Super League,Port,Shandong,1,1,Yesterday,"Sunday, 29 October 2023",Full time
Chinese Super League,Tianjin JMT,Shenhua,1,1,Yesterday,"Sunday, 29 October 2023",Full time
Chinese Super League,Three Towns,Shenzhen,1,0,Yesterday,"Sunday, 29 October 2023",Full time
Chinese Super League,Zhejiang,Cangzhou,6,1,Yesterday,"Sunday, 29 October 2023",Full time
Copa de la Liga Profesional,Boca Juniors,Estudiantes,0,0,,"Sunday, 29 October 2023",02:11
Copa de la Liga Profesional,Instituto,Vélez,0,1,,"Sunday, 29 October 2023",02:11
Cymru Premier,TNS,Bala,2,0,Yesterday,"Sunday, 29 October 2023",Full time
Cypriot First Division,Karmiotissa,APOEL,1,2,Yesterday,"Sunday, 29 October 2023",Full time
Cypriot First Division,Nea Salamis,AEL Limassol,2,1,Yesterday,"Sunday, 29 October 2023",Full time
Czech Fortuna liga,Baník,Jablonec,0,1,Yesterday,"Sunday, 29 October 2023",Full time
Czech Fortuna liga,Viktoria Plzeň,Karviná,0,1,Yesterday,"Sunday, 29 October 2023",Full time
Czech Fortuna liga,Mladá Boleslav,Sparta,3,1,Yesterday,"Sunday, 29 October 2023",Full time
Czech Fortuna národní liga,Sparta II,Sigma II,0,2,Yesterday,"Sunday, 29 October 2023",Full time
Czech Fortuna národní liga,Varnsdorf,Žižkov,4,2,Yesterday,"Sunday, 29 October 2023",Full time
EFL Championship,Sheffield Wednesday,Rotherham United,2,0,Yesterday,"Sunday, 29 October 2023",Full time
Eerste Divisie,Cambuur,Groningen,2,1,Yesterday,"Sunday, 29 October 2023",Full time
Egyptian Premier League,ZED,Smouha,1,1,Yesterday,"Sunday, 29 October 2023",Full time
Egyptian Premier League,Ittihad,Mokawloon,3,2,Yesterday,"Sunday, 29 October 2023",Full time
Ekstraklasa,Ruch,Śląsk,2,2,,"Sunday, 29 October 2023",02:24
Ekstraklasa,Zagłębie,Radomiak,2,3,,"Sunday, 29 October 2023",02:24
Ekstraklasa,Legia,Stal Mielec,1,3,,"Sunday, 29 October 2023",02:24
Eliteserien,Haugesund,Aalesund,6,1,,"Sunday, 29 October 2023",02:50
Eredivisie,Heerenveen,Heracles,3,0,Yesterday,"Sunday, 29 October 2023",Full time
Eredivisie,Almere,Go Ahead Eagles,0,0,Yesterday,"Sunday, 29 October 2023",Full time
Eredivisie,Sparta,Waalwijk,2,0,Yesterday,"Sunday, 29 October 2023",Full time
Eredivisie,Fortuna,Utrecht,0,0,Yesterday,"Sunday, 29 October 2023",Full time
Eredivisie,Twente,Feyenoord,2,1,Yesterday,"Sunday, 29 October 2023",Full time
Eredivisie,Volendam,Excelsior,3,1,Yesterday,"Sunday, 29 October 2023",Full time
Eredivisie,PSV,Ajax,5,2,Yesterday,"Sunday, 29 October 2023",Full time
Ettan,Umeå,ÖSIF,0,1,Yesterday,"Sunday, 29 October 2023",Full time
Ettan,Falkenberg,Eskilsminne,3,1,Yesterday,"Sunday, 29 October 2023",Full time
Ettan,Norrby,Torns,8,3,Yesterday,"Sunday, 29 October 2023",Full time
Ettan,Stockholm Int.,Piteå,2,2,Yesterday,"Sunday, 29 October 2023",Full time
Ettan,Boden,Sylvia,0,0,Yesterday,"Sunday, 29 October 2023",Full time
Ettan,Vänersborg,Ariana,1,1,Yesterday,"Sunday, 29 October 2023",Full time
Football National League 2,Sakhalin,Saturn,1,1,Yesterday,"Sunday, 29 October 2023",Full time
Football National League 2,Strogino,Kvant,5,1,Yesterday,"Sunday, 29 October 2023",Full time
Football National League 2,FK Elektron,Zenit SPb II,0,4,Yesterday,"Sunday, 29 October 2023",Full time
Football National League 2,Dinamo Kr,Zorkiy,1,0,Yesterday,"Sunday, 29 October 2023",Full time
Football National League 2,Arsenal II,Ryazan,2,0,Yesterday,"Sunday, 29 October 2023",Full time
Football National League 2,Sakhalinets,Dinamo Vlad.,3,1,Yesterday,"Sunday, 29 October 2023",Full time
Football National League 2,Zenit Pz,SKA II,2,3,Yesterday,"Sunday, 29 October 2023",Full time
Football National League 2,Znamya,Irkutsk,0,1,Yesterday,"Sunday, 29 October 2023",Full time
Football National League 2,Torpedo M II,Torpedo Vl,0,1,Yesterday,"Sunday, 29 October 2023",Full time
Football National League 2,Rodina-m,Baltika BFU,1,0,Yesterday,"Sunday, 29 October 2023",Full time
Football National League 2,Khimik,Dinamo Vologda,1,1,Yesterday,"Sunday, 29 October 2023",Full time
Football National League 2,Dinamo SPb,Zvezda,0,1,Yesterday,"Sunday, 29 October 2023",Full time
Football National League 2,Dinamo Moskva,Yenisey II,3,0,Yesterday,"Sunday, 29 October 2023",Full time
Football National League 2,Barnaul,Torpedo Miass,2,5,Yesterday,"Sunday, 29 October 2023",Full time
Football National League 2,Uralets NT,Nosta,0,0,Yesterday,"Sunday, 29 October 2023",Full time
Football National League 2,Khimik Vurnary,FK Rubin Kazan II,1,0,Yesterday,"Sunday, 29 October 2023",Full time
Football National League 2,Rubin Yalta,Legion,1,0,Yesterday,"Sunday, 29 October 2023",Full time
Football National League 2,Pavlovskaya,Mashuk,0,1,Yesterday,"Sunday, 29 October 2023",Full time
Football National League 2,Spartak,Biolog,1,0,Yesterday,"Sunday, 29 October 2023",Full time
Football National League 2,Alaniya,Dinamo St,1,1,Yesterday,"Sunday, 29 October 2023",Full time
Football National League 2,Dynamo Mak.II,Sevastopol,0,0,Yesterday,"Sunday, 29 October 2023",Full time
Friendlies Women,Canada Women,Brazil Women,0,1,Yesterday,"Sunday, 29 October 2023",Full time
Friendlies Women,Ecuador Women,Peru Women,1,0,Yesterday,"Sunday, 29 October 2023",Full time
Honduras Liga Nacional,Vida,Olimpia,1,3,Yesterday,"Sunday, 29 October 2023",Full time
Honduras Liga Nacional,Motagua,Real España,4,1,Yesterday,"Sunday, 29 October 2023",Full time
Hong Kong Premier League,Kitchee,Sham Shui Po Sports,5,1,Yesterday,"Sunday, 29 October 2023",Full time
Hong Kong Premier League,Hong Kong U23 XI,Hong Kong FC,1,1,Yesterday,"Sunday, 29 October 2023",Full time
Hong Kong Premier League,Resources Capital FC,BC Rangers,0,6,Yesterday,"Sunday, 29 October 2023",Full time
I Liga,Nieciecza,Górnik Łęczna,3,0,Yesterday,"Sunday, 29 October 2023",Full time
I Liga,Motor Lublin,Odra,2,0,Yesterday,"Sunday, 29 October 2023",Full time
I Liga,Resovia,Arka,1,2,Yesterday,"Sunday, 29 October 2023",Full time
I-League,Sreenidi,NEROCA,4,0,Yesterday,"Sunday, 29 October 2023",Full time
I-League,Mohammedan,Aizawl,2,1,Yesterday,"Sunday, 29 October 2023",Full time
Indian Super League,Chennaiyin,Punjab FC,5,1,,"Sunday, 29 October 2023",07:23
Iraq Stars League,Talaba,Karkh,1,0,Yesterday,"Sunday, 29 October 2023",Full time
J1 League,Kashiwa Reysol,Kawasaki Frontale,1,1,Yesterday,"Sunday, 29 October 2023",Full time
J2 League,Oita Trinita,Blaublitz Akita,2,1,Yesterday,"Sunday, 29 October 2023",Full time
J2 League,Omiya Ardija,Ventforet Kofu,0,2,Yesterday,"Sunday, 29 October 2023",Full time
J2 League,JEF Utd Chiba,Iwaki FC,1,0,Yesterday,"Sunday, 29 October 2023",Full time
J2 League,Machida Zelvia,Zweigen Kanazawa,1,0,Yesterday,"Sunday, 29 October 2023",Full time
J2 League,Fagiano Okayama,Tochigi SC,1,1,Yesterday,"Sunday, 29 October 2023",Full time
J2 League,Montedio Yamagata,Thespakusatsu Gunma,2,1,Yesterday,"Sunday, 29 October 2023",Full time
Jupiler Pro League,Eupen,Charleroi,2,0,Yesterday,"Sunday, 29 October 2023",Full time
Jupiler Pro League,Anderlecht,OHL,5,1,Yesterday,"Sunday, 29 October 2023",Full time
Jupiler Pro League,Club Brugge,Antwerp,2,1,Yesterday,"Sunday, 29 October 2023",Full time
Jupiler Pro League,Westerlo,R. Union SG,1,3,Yesterday,"Sunday, 29 October 2023",Full time
K League 1,Suwon Bluewings,Daejeon,2,2,Yesterday,"Sunday, 29 October 2023",Full time
K League 1,Ulsan,Daegu,2,0,Yesterday,"Sunday, 29 October 2023",Full time
K League 1,Suwon,Seoul,3,4,Yesterday,"Sunday, 29 October 2023",Full time
K-League 2,Jeonnam Dragons,Chungbuk Cheongju,3,0,Yesterday,"Sunday, 29 October 2023",Full time
K-League 2,Busan IPark,Bucheon,2,1,Yesterday,"Sunday, 29 October 2023",Full time
K-League 2,Gimcheon Sangmu,Gimpo,2,0,Yesterday,"Sunday, 29 October 2023",Full time
Kazakhstan Premier League,Kyzyl-Zhar,Kaysar,0,1,Yesterday,"Sunday, 29 October 2023",Full time
Kazakhstan Premier League,Atyrau,Kairat,0,0,Yesterday,"Sunday, 29 October 2023",Full time
Kazakhstan Premier League,Aksu,Tobol,0,3,Yesterday,"Sunday, 29 October 2023",Full time
Kazakhstan Premier League,Aktobe,Zhetysu,2,2,Yesterday,"Sunday, 29 October 2023",Full time
Kazakhstan Premier League,Caspiy,Ordabasy,1,0,Yesterday,"Sunday, 29 October 2023",Full time
Kazakhstan Premier League,Shakhter Karagandy,Astana,1,1,Yesterday,"Sunday, 29 October 2023",Full time
Kazakhstan Premier League,Okzhetpes,Maktaaral,1,1,Yesterday,"Sunday, 29 October 2023",Full time
La Liga 2,FC Andorra,Levante,2,0,Yesterday,"Sunday, 29 October 2023",Full time
La Liga 2,Gijón,Espanyol,2,0,Yesterday,"Sunday, 29 October 2023",Full time
La Liga 2,Elche,Tenerife,2,1,Yesterday,"Sunday, 29 October 2023",Full time
La Liga 2,Mirandés,Cartagena,2,1,Yesterday,"Sunday, 29 October 2023",Full time
La Liga 2,Huesca,Albacete,0,0,Yesterday,"Sunday, 29 October 2023",Full time
Liga 1,Persis,Bhayangkara FC,2,1,Yesterday,"Sunday, 29 October 2023",Full time
Liga 1,PSIS,Persija Jakarta,2,1,Yesterday,"Sunday, 29 October 2023",Full time
Liga BBVA MX Apertura,Cruz Azul,León,1,0,Yesterday,"Sunday, 29 October 2023",Full time
Liga BBVA MX Apertura,Pachuca,Puebla,1,1,Yesterday,"Sunday, 29 October 2023",Full time
Liga BBVA MX Apertura,Chivas,Tigres,0,4,Yesterday,"Sunday, 29 October 2023",Full time
Liga BBVA MX Apertura,Monterrey,América,0,3,Yesterday,"Sunday, 29 October 2023",Full time
Liga Nacional de Guatemala,Municipal,Xelajú,1,0,Yesterday,"Sunday, 29 October 2023",Full time
Liga Nacional de Guatemala,Mixco,Comunicaciones,2,1,Yesterday,"Sunday, 29 October 2023",Full time
Liga Nacional de Guatemala,Guastatoya,Malacateco,4,0,Yesterday,"Sunday, 29 October 2023",Full time
Liga Portugal,Benfica,Casa Pia AC,1,1,Yesterday,"Sunday, 29 October 2023",Full time
Liga Portugal,Vitória S.C.,Chaves,5,0,Yesterday,"Sunday, 29 October 2023",Full time
Liga Portugal,Gil Vicente,Braga,3,3,Yesterday,"Sunday, 29 October 2023",Full time
Liga Portugal,Rio Ave,Farense,3,4,Yesterday,"Sunday, 29 October 2023",Full time
Liga Portugal 2,Viseu,CD Nacional,1,1,Yesterday,"Sunday, 29 October 2023",Full time
Liga Portugal 2,Feirense,AVS,1,2,Yesterday,"Sunday, 29 October 2023",Full time
Liga Portugal 2,Santa Clara,Benfica II,1,1,Yesterday,"Sunday, 29 October 2023",Full time
Liga Portugal 3,Canelas,Fafe,3,1,Yesterday,"Sunday, 29 October 2023",Full time
Liga Portugal 3,Sanjoanense,Lourosa,1,1,Yesterday,"Sunday, 29 October 2023",Full time
Liga Portugal 3,Braga II,Vianense,0,3,Yesterday,"Sunday, 29 October 2023",Full time
Liga Portugal 3,1º Dezembro,Oliv. Hospital,0,2,Yesterday,"Sunday, 29 October 2023",Full time
Liga Portugal 3,Pêro Pinheiro,Sporting CP II,3,3,Yesterday,"Sunday, 29 October 2023",Full time
Liga Portugal 3,Atlético CP,Academica Coimbra,2,1,Yesterday,"Sunday, 29 October 2023",Full time
Liga Premier,Halcones,Lobos ULMX,3,0,Yesterday,"Sunday, 29 October 2023",Full time
Liga Premier,Pioneros,Montañeses,2,0,Yesterday,"Sunday, 29 October 2023",Full time
Liga Premier,Yalmakan,Tampico Madero,0,3,Yesterday,"Sunday, 29 October 2023",Full time
Liga Premier,Irapuato,Inter,6,1,Yesterday,"Sunday, 29 October 2023",Full time
Liga Premier,Canamy,Cafetaleros,2,0,Yesterday,"Sunday, 29 October 2023",Full time
Liga Premier,Reboceros,CA Aragón,1,0,Yesterday,"Sunday, 29 October 2023",Full time
Liga Premier,Mexicali,L. Negros II,1,3,Yesterday,"Sunday, 29 October 2023",Full time
Liga Premier,Los Cabos Utd,Tritons,,,Yesterday,"Sunday, 29 October 2023",Full time
Liga Super Malaysia,Sri Pahang,Terengganu,2,2,Yesterday,"Sunday, 29 October 2023",Full time
Liga de Expansión MX,Cimarrones,Venados FC,4,1,Yesterday,"Sunday, 29 October 2023",Full time
Liga de Fútbol de Primera División,Puntarenas,Guanacasteca,1,2,Yesterday,"Sunday, 29 October 2023",Full time
Liga de Fútbol de Primera División,Pérez Zeledón,Grecia,0,2,Yesterday,"Sunday, 29 October 2023",Full time
Liga de Fútbol de Primera División,Alajuelense,Herediano,1,0,Yesterday,"Sunday, 29 October 2023",Full time
LigaPro Betcris,Ind. del Valle,Dep. Cuenca,2,0,Yesterday,"Sunday, 29 October 2023",Full time
LigaPro Betcris,Emelec,Universidad,2,1,Yesterday,"Sunday, 29 October 2023",Full time
Ligat HaAl,H Petah Tikva,Ashdod,,,Postponed,"Sunday, 29 October 2023",
Ligat HaAl,Bnei Raina,Maccabi Petah Tikva FC,,,Postponed,"Sunday, 29 October 2023",
Ligat HaAl,M Netanya,Hapoel Be'er Sheva,,,Postponed,"Sunday, 29 October 2023",
Ligue 1 Tunisia,Club Africain,USBG,2,0,Yesterday,"Sunday, 29 October 2023",Full time
Ligue 1 Tunisia,Tataouine,Métlaoui,0,0,Yesterday,"Sunday, 29 October 2023",Full time
Ligue 2 BKT,Amiens,Laval,0,0,Yesterday,"Sunday, 29 October 2023",Full time
Ligue 2 BKT,Auxerre,Dunkerque,0,1,Yesterday,"Sunday, 29 October 2023",Full time
Ligue 2 BKT,SC Bastia,Guingamp,0,0,Yesterday,"Sunday, 29 October 2023",Full time
Ligue 2 BKT,Concarneau,Ajaccio,2,1,Yesterday,"Sunday, 29 October 2023",Full time
Ligue 2 BKT,Paris,Troyes,2,2,Yesterday,"Sunday, 29 October 2023",Full time
Ligue 2 BKT,Pau,Grenoble,3,2,Yesterday,"Sunday, 29 October 2023",Full time
Ligue 2 BKT,Quevilly Rouen Métropole,Annecy,1,2,Yesterday,"Sunday, 29 October 2023",Full time
Ligue 2 BKT,Valenciennes,Caen,2,2,Yesterday,"Sunday, 29 October 2023",Full time
Ligue Professionnelle 1,Belouizdad,Kabylie,,,Postponed,"Sunday, 29 October 2023",
Ligue Professionnelle 1,US Biskra,USM Alger,,,Postponed,"Sunday, 29 October 2023",
Ligue Professionnelle 1,ASO Chlef,ES Sétif,,,Postponed,"Sunday, 29 October 2023",
Major League Soccer,Philadelphia Union,New England,3,1,Yesterday,"Sunday, 29 October 2023",Full time
Major League Soccer,LAFC,Whitecaps,5,2,Yesterday,"Sunday, 29 October 2023",Full time
Maltese Premier League,Mosta FC,Marsaxlokk,3,2,Yesterday,"Sunday, 29 October 2023",Full time
Maltese Premier League,Sirens,Santa Lucia,0,0,Yesterday,"Sunday, 29 October 2023",Full time
Maltese Premier League,Gudja Utd,Floriana,1,1,Yesterday,"Sunday, 29 October 2023",Full time
Maltese Premier League,Balzan,Birkirkara FC,0,3,Yesterday,"Sunday, 29 October 2023",Full time
NIFL Premiership,Newry City,Larne,1,2,Yesterday,"Sunday, 29 October 2023",Full time
National League,York,Halifax,1,1,Yesterday,"Sunday, 29 October 2023",Full time
OTP Bank Liga,Mezőkövesd,MTK,1,0,Yesterday,"Sunday, 29 October 2023",Full time
OTP Bank Liga,Paks,Kisvárda,3,1,Yesterday,"Sunday, 29 October 2023",Full time
Pernambucano 2,1.º de Maio,Atlético PE,1,2,Yesterday,"Sunday, 29 October 2023",Full time
Pernambucano 2,Íbis,Ferroviário,5,1,Yesterday,"Sunday, 29 October 2023",Full time
Persha Liha,Karpaty Lviv,FK Metalist,3,0,Yesterday,"Sunday, 29 October 2023",Full time
Persha Liha,Chernihiv,Metalurh,1,3,Yesterday,"Sunday, 29 October 2023",Full time
Persha Liha,SK Poltava,Kremin',4,1,Yesterday,"Sunday, 29 October 2023",Full time
Persian Gulf Pro League,Sanat Naft,Khuzestan,1,1,Yesterday,"Sunday, 29 October 2023",Full time
Persian Gulf Pro League,Nassaji,Sepahan,1,1,Yesterday,"Sunday, 29 October 2023",Full time
Persian Gulf Pro League,Malavan,Persepolis,0,0,Yesterday,"Sunday, 29 October 2023",Full time
Peru Liga 1,Dep. Municipal,Acad. Cantolao,1,2,Yesterday,"Sunday, 29 October 2023",Full time
Peru Liga 1,Boys,Cienciano,2,1,Yesterday,"Sunday, 29 October 2023",Full time
Peru Liga 1,UCV,Cusco,3,1,Yesterday,"Sunday, 29 October 2023",Full time
Premier Division,Sligo Rovers,Drogheda United,0,0,Yesterday,"Sunday, 29 October 2023",Full time
Premier Soccer League,Lamontville Golden Arrows,Kaizer Chiefs,,,Yesterday,"Sunday, 29 October 2023",02:00
Premier Soccer League,Richards Bay,Cape Town City,,,Yesterday,"Sunday, 29 October 2023",02:00
Premier Soccer League,Mamelodi Sundowns,Swallows,,,Yesterday,"Sunday, 29 October 2023",02:00
Premier Soccer League,TS Galaxy,Sekhukhune Utd,,,Yesterday,"Sunday, 29 October 2023",02:00
Premier Soccer League,TS Galaxy,Sekhukhune Utd,2,0,Yesterday,"Sunday, 29 October 2023",Full time
Premier Soccer League,Mamelodi Sundowns,Swallows,,,Yesterday,"Sunday, 29 October 2023",Full time
Premier Soccer League,Richards Bay,Cape Town City,1,3,Yesterday,"Sunday, 29 October 2023",Full time
Primera B Metropolitana,San Miguel,Talleres,0,1,Yesterday,"Sunday, 29 October 2023",Full time
Primera B Metropolitana,Comunicaciones,Armenio,0,3,Yesterday,"Sunday, 29 October 2023",Full time
Primera B Metropolitana,Los Andes,Argentino de Merlo,1,0,Yesterday,"Sunday, 29 October 2023",Full time
Primera Division de El Salvador,Jocoro,Platense,3,1,Yesterday,"Sunday, 29 October 2023",Full time
Primera Division de El Salvador,FAS,Santa Tecla,2,1,Yesterday,"Sunday, 29 October 2023",Full time
Primera Division de El Salvador,Isidro,Once Deportivo,2,0,Yesterday,"Sunday, 29 October 2023",Full time
Primera División Clausura,Nacional,Sportivo Amel.,2,1,Yesterday,"Sunday, 29 October 2023",Full time
Primera División Clausura,Guaraní,Guaireña,0,0,Yesterday,"Sunday, 29 October 2023",Full time
Primera División RFEF,Fuenlabrada,SD Logroñés,2,1,Yesterday,"Sunday, 29 October 2023",Full time
Primera División RFEF,Murcia,Linares,1,0,Yesterday,"Sunday, 29 October 2023",Full time
Primera División RFEF,Lugo,Real Unión,2,0,Yesterday,"Sunday, 29 October 2023",Full time
Primera División RFEF,Baleares,UD Melilla,1,0,Yesterday,"Sunday, 29 October 2023",Full time
Primera División RFEF,Ibiza,Intercity,1,3,Yesterday,"Sunday, 29 October 2023",Full time
Primera División RFEF,Real Madrid II,Ceuta,1,1,Yesterday,"Sunday, 29 October 2023",Full time
Primera División RFEF,Cornellà,Teruel,1,1,Yesterday,"Sunday, 29 October 2023",Full time
Primera División RFEF,Tarazona,Sestao,3,0,Yesterday,"Sunday, 29 October 2023",Full time
Primera División RFEF,Alcoyano,Algeciras,1,0,Yesterday,"Sunday, 29 October 2023",Full time
Primera Nacional,Almagro,San Telmo,0,0,Abandoned,"Sunday, 29 October 2023",
Primera Nacional,Chacarita,Temperley,1,2,Yesterday,"Sunday, 29 October 2023",Full time
Primera Nacional,Agropecuario,Ferro,0,2,Yesterday,"Sunday, 29 October 2023",Full time
Primera Nacional,Quilmes,Gim Mendoza,0,0,Yesterday,"Sunday, 29 October 2023",Full time
Qatar Stars League,Muaither,Sadd,0,2,Yesterday,"Sunday, 29 October 2023",Full time
Qatar Stars League,Shamal,Al Duhail,1,2,Yesterday,"Sunday, 29 October 2023",Full time
Qatar Stars League,Arabi,Ahli,2,3,Yesterday,"Sunday, 29 October 2023",Full time
Regionalliga Nord,Havelse,HSV II,2,1,Yesterday,"Sunday, 29 October 2023",Full time
Regionalliga Nord,Eimsbütteler,Bremer SV,2,2,Yesterday,"Sunday, 29 October 2023",Full time
Regionalliga Nordost,Carl Zeiss Jena,Chemie Leipzig,1,0,Yesterday,"Sunday, 29 October 2023",Full time
Regionalliga Nordost,Greifswalder FC,Energie Cottbus,1,1,Yesterday,"Sunday, 29 October 2023",Full time
Regionalliga Nordost,Babelsberg,Hansa II,1,0,Yesterday,"Sunday, 29 October 2023",Full time
Regionalliga Nordost,Lok Leipzig,Erfurt,1,0,Yesterday,"Sunday, 29 October 2023",Full time
Regionalliga Südwest,Eintracht F II,FSV Frankfurt,5,1,,"Sunday, 29 October 2023",04:13
Regionalliga Südwest,Hoffenheim II,Bahlinger SC,4,0,,"Sunday, 29 October 2023",04:13
Regionalliga West,RW Oberhausen,Schalke II,1,3,Yesterday,"Sunday, 29 October 2023",Full time
Russian Premier League,Zenit,Akhmat,2,1,Yesterday,"Sunday, 29 October 2023",Full time
Russian Premier League,Nizhny Novg.,Sochi,1,0,Yesterday,"Sunday, 29 October 2023",Full time
Russian Premier League,Dinamo M,Ural,2,1,Yesterday,"Sunday, 29 October 2023",Full time
Saudi Professional League,Al-Wehda,Al-Ettifaq,2,3,Yesterday,"Sunday, 29 October 2023",Full time
Scottish League One,Montrose,Hamilton,0,3,Yesterday,"Sunday, 29 October 2023",Full time
Serie BKT,Modena,Ternana,2,1,Yesterday,"Sunday, 29 October 2023",Full time
Serie BKT,Palermo,Lecco,1,2,Yesterday,"Sunday, 29 October 2023",Full time
Serie BKT,Brescia,Bari,1,2,Yesterday,"Sunday, 29 October 2023",Full time
Serie BKT,Venezia,Pisa,2,1,Yesterday,"Sunday, 29 October 2023",Full time
Serie C,Erminio,Pro Sesto,1,1,Yesterday,"Sunday, 29 October 2023",Full time
Serie C,Pergolettese,Legnago,3,2,Yesterday,"Sunday, 29 October 2023",Full time
Serie C,Renate,Novara,2,2,Yesterday,"Sunday, 29 October 2023",Full time
Serie C,Trento,Alessandria,1,1,Yesterday,"Sunday, 29 October 2023",Full time
Serie C,Triestina,Fiorenzuola,2,1,Yesterday,"Sunday, 29 October 2023",Full time
Serie C,Lumezzane,Atalanta U23,1,2,Yesterday,"Sunday, 29 October 2023",Full time
Serie C,Vicenza,Calcio Padova,1,1,Yesterday,"Sunday, 29 October 2023",Full time
Serie C,Juventus Next Gen,Olbia,3,1,Yesterday,"Sunday, 29 October 2023",Full time
Serie C,Torres,SPAL,1,1,Yesterday,"Sunday, 29 October 2023",Full time
Serie C,Crotone,ACR Messina,3,3,Yesterday,"Sunday, 29 October 2023",Full time
Serie C,Catania,Avellino,0,2,Yesterday,"Sunday, 29 October 2023",Full time
Serie C,Sorrento,Monterosi,0,2,Yesterday,"Sunday, 29 October 2023",Full time
Serie D,Trapani,Igea Virtus,2,1,Yesterday,"Sunday, 29 October 2023",Full time
Serie D,Gioiese,Lamezia Terme,0,0,Yesterday,"Sunday, 29 October 2023",Full time
Serie D,Vibonese,Locri 1909,3,0,Yesterday,"Sunday, 29 October 2023",Full time
Serie D,Sanremese,Vado,0,0,Yesterday,"Sunday, 29 October 2023",Full time
Serie D,Alba,Asti,2,0,Yesterday,"Sunday, 29 October 2023",Full time
Serie D,Chieri,Città Varese,2,1,Yesterday,"Sunday, 29 October 2023",Full time
Serie D,Derthona,Bra,0,1,Yesterday,"Sunday, 29 October 2023",Full time
Serie D,Gozzano,Vogherese,1,0,Yesterday,"Sunday, 29 October 2023",Full time
Serie D,PDHAE,Borgosesia,1,0,Yesterday,"Sunday, 29 October 2023",Full time
Serie D,Brusaporto,Desenzano,2,1,Yesterday,"Sunday, 29 October 2023",Full time
Serie D,Castellanzese,Arconatese,1,0,Yesterday,"Sunday, 29 October 2023",Full time
Serie D,Clivense,Legnano,4,1,Yesterday,"Sunday, 29 October 2023",Full time
Serie D,Piacenza,Pro Palazzolo,0,1,Yesterday,"Sunday, 29 October 2023",Full time
Serie D,Varesina,Caravaggio,1,1,Yesterday,"Sunday, 29 October 2023",Full time
Serie D,Villa Valle,Caratese,1,1,Yesterday,"Sunday, 29 October 2023",Full time
Serie D,Pontisola,Club Milano,2,2,Yesterday,"Sunday, 29 October 2023",Full time
Serie D,Akragas,Canicattì,2,1,Yesterday,"Sunday, 29 October 2023",Full time
Serie D,Sant’Agata,Acireale,1,0,Yesterday,"Sunday, 29 October 2023",Full time
Serie D,Ragusa,La Fenice,0,0,Yesterday,"Sunday, 29 October 2023",Full time
Serie D,Licata,San Luca,3,2,Yesterday,"Sunday, 29 October 2023",Full time
Serie D,Chions,Campodarsego,2,1,Yesterday,"Sunday, 29 October 2023",Full time
Serie D,Clodiense,Mestre,2,0,Yesterday,"Sunday, 29 October 2023",Full time
Serie D,Corticella,Carpi,3,1,Yesterday,"Sunday, 29 October 2023",Full time
Serie D,Fanfulla,Sammaurese,2,1,Yesterday,"Sunday, 29 October 2023",Full time
Serie D,Sangiuliano,Imolese,1,2,Yesterday,"Sunday, 29 October 2023",Full time
Serie D,Victor San Marino,Ravenna,2,1,Yesterday,"Sunday, 29 October 2023",Full time
Serie D,Figline,Grosseto,1,1,Yesterday,"Sunday, 29 October 2023",Full time
Serie D,Ghivizzano,Real Forte,3,2,Yesterday,"Sunday, 29 October 2023",Full time
Serie D,Livorno,Seravezza,0,1,Yesterday,"Sunday, 29 October 2023",Full time
Serie D,Mob. Ponsacco,Pianese,1,3,Yesterday,"Sunday, 29 October 2023",Full time
Serie D,Sangiovannese,Orvietana,1,0,Yesterday,"Sunday, 29 October 2023",Full time
Serie D,Cenaia,Sansepolcro,0,0,Yesterday,"Sunday, 29 October 2023",Full time
Serie D,Campobasso,Tivoli,2,1,Yesterday,"Sunday, 29 October 2023",Full time
Serie D,Matese,Sora,0,1,Yesterday,"Sunday, 29 October 2023",Full time
Serie D,L'Aquila,Roma City,0,0,Yesterday,"Sunday, 29 October 2023",Full time
Serie D,Atletico,Vigor Senig.,1,2,Yesterday,"Sunday, 29 October 2023",Full time
Serie D,Chieti,Fano,2,2,Yesterday,"Sunday, 29 October 2023",Full time
Serie D,Ardea,Sarrabus,0,2,Yesterday,"Sunday, 29 October 2023",Full time
Serie D,Nardò,Matera,1,0,Yesterday,"Sunday, 29 October 2023",Full time
Serie D,Casarano,Team Altamura,2,1,Yesterday,"Sunday, 29 October 2023",Full time
Serie D,Manfredonia,Barletta,0,0,Yesterday,"Sunday, 29 October 2023",Full time
Slovak Niké Liga,Ružomberok,Žilina,0,2,,"Sunday, 29 October 2023",04:26
Slovak Niké Liga,Zlaté Moravce,Skalica,0,1,,"Sunday, 29 October 2023",04:26
Super League,St.Gallen,Grasshopper Club Zürich,3,1,Yesterday,"Sunday, 29 October 2023",Full time
Super League,Yverdon,Winterthur,1,1,Yesterday,"Sunday, 29 October 2023",Full time
Super League,FC Zürich,Stade-Lausanne,1,1,Yesterday,"Sunday, 29 October 2023",Full time
Super League,Lausanne,Basel,3,0,Yesterday,"Sunday, 29 October 2023",Full time
Super League,Lugano,BSC Young Boys,1,1,Yesterday,"Sunday, 29 October 2023",Full time
Super League,Servette,Luzern,4,2,Yesterday,"Sunday, 29 October 2023",Full time
Super Liga,Radnički Niš,Spartak,1,1,Yesterday,"Sunday, 29 October 2023",Full time
Super Liga,FK IMT,Red Star Belgrade,1,2,Yesterday,"Sunday, 29 October 2023",Full time
Super Liga,Radnički 1923,Mladost Lučani,4,1,Yesterday,"Sunday, 29 October 2023",Full time
Super Liga,Čukarički,Vojvodina,2,2,Yesterday,"Sunday, 29 October 2023",Full time
Super Liga,Floreşti,CSF Bălți,2,3,Yesterday,"Sunday, 29 October 2023",Full time
Super Liga,Dacia-Buiucani,Sheriff,0,4,Yesterday,"Sunday, 29 October 2023",Full time
SuperLiga,Petrolul 52,FCSB,2,2,Yesterday,"Sunday, 29 October 2023",Full time
SuperLiga,U Craiova 1948,Arad,2,3,Yesterday,"Sunday, 29 October 2023",Full time
Superettan,Skövde,Utsikten,2,0,Yesterday,"Sunday, 29 October 2023",Full time
Superettan,Västerås,GAIS,2,1,Yesterday,"Sunday, 29 October 2023",Full time
Superettan,Öster,Brage,1,0,Yesterday,"Sunday, 29 October 2023",Full time
Superleague,Atromitos,Panaitolikos,3,2,Yesterday,"Sunday, 29 October 2023",Full time
Superleague,Asteras,Lamia,0,1,Yesterday,"Sunday, 29 October 2023",Full time
Superleague 2,Aiolikos,Almopos,0,0,Abandoned,"Sunday, 29 October 2023",
Superleague 2,Makedonikos N.,PAOK Thessaloniki FC II,3,2,Abandoned,"Sunday, 29 October 2023",
Superleague 2,Anagennisi K,Larissa,0,2,Abandoned,"Sunday, 29 October 2023",
Superleague 2,Apollon Pontou,Kozani,0,0,Abandoned,"Sunday, 29 October 2023",
Superleague 2,Diagoras,Ionikos,2,1,Yesterday,"Sunday, 29 October 2023",Full time
Superligaen,Vejle,Viborg,1,1,Yesterday,"Sunday, 29 October 2023",Full time
Superligaen,Silkeborg,OB,0,0,Yesterday,"Sunday, 29 October 2023",Full time
Süper Lig,Demirspor,Konyaspor,3,0,Yesterday,"Sunday, 29 October 2023",Full time
Süper Lig,Caykur Rizespor,Galatasaray,0,1,Yesterday,"Sunday, 29 October 2023",Full time
Süper Lig,Fatih,Trabzonspor,0,0,Yesterday,"Sunday, 29 October 2023",Full time
Thai League 1,Trat FC,Prachuap,1,0,Yesterday,"Sunday, 29 October 2023",Full time
Thai League 1,Buriram Utd,BGPU,0,0,Yesterday,"Sunday, 29 October 2023",Full time
Thai League 1,Bangkok Utd,Ratchaburi Mitr Phol FC,3,1,Yesterday,"Sunday, 29 October 2023",Full time
Torneo Clausura,Club Vaca Díez de Pando,Always Ready,2,0,Yesterday,"Sunday, 29 October 2023",Full time
Torneo Clausura,Uni de Vinto,Blooming,2,1,Yesterday,"Sunday, 29 October 2023",Full time
Torneo Clausura,Nacional,Independiente,1,1,Yesterday,"Sunday, 29 October 2023",Full time
Tweede Divisie,Treffers,Maassluis,4,0,Yesterday,"Sunday, 29 October 2023",Full time
USL Championship,Charleston,Birmingham Legion,2,1,Yesterday,"Sunday, 29 October 2023",Full time
USL Championship,Louisville City,Detroit City,4,0,Yesterday,"Sunday, 29 October 2023",Full time
USL Championship,Orange County,Phoenix Rising,1,2,Yesterday,"Sunday, 29 October 2023",Full time
V.League 1,Quảng Nam,Hồ Chí Minh,1,1,Yesterday,"Sunday, 29 October 2023",Full time
V.League 1,Bình Định,Binh Duong,0,2,Yesterday,"Sunday, 29 October 2023",Full time
V.League 1,Hà Nội,Hai Phong,3,5,Yesterday,"Sunday, 29 October 2023",Full time
VBet Premier League,LNZ Cherkasy,Obolon' Kyiv,3,0,,"Sunday, 29 October 2023",02:58
VBet Premier League,Minai,Veres Rivne,0,0,,"Sunday, 29 October 2023",02:58
VBet Premier League,Vorskla,Metalist 1925,2,2,,"Sunday, 29 October 2023",02:58
Veikkausliiga Play-offs,Mariehamn,Gnistan,3,0,Yesterday,"Sunday, 29 October 2023",Full time
Virsliga,FK Metta,Valmiera FC,4,1,Yesterday,"Sunday, 29 October 2023",Full time
Virsliga,Riga FC,SK Super Nova,1,1,Yesterday,"Sunday, 29 October 2023",Full time
Vysheyshaya Liga,Neman,Isloch,0,0,Yesterday,"Sunday, 29 October 2023",Full time
Vysheyshaya Liga,Belshina,Gomel,0,2,Yesterday,"Sunday, 29 October 2023",Full time
Vysheyshaya Liga,Minsk,Dinamo Brest,0,1,Yesterday,"Sunday, 29 October 2023",Full time
Vysheyshaya Liga,BATE,Slutsk,4,3,Yesterday,"Sunday, 29 October 2023",Full time
LaLiga,Athletic Club,Valencia,2,2,Today,"Monday, 30 October 2023",Full time
LaLiga,Atlético de Madrid,Alavés,2,1,Today,"Monday, 30 October 2023",Full time
Bundesliga,Bayer Leverkusen,SC Freiburg,2,1,Today,"Monday, 30 October 2023",Full time
Serie A,Inter,Roma,1,0,Today,"Monday, 30 October 2023",Full time
Serie A,Napoli,Milan,2,2,Today,"Monday, 30 October 2023",Full time
Ligue 1 Uber Eats,Rennes,Strasbourg,1,1,Today,"Monday, 30 October 2023",Full time
Ligue 1 Uber Eats,Marseille,Olympique Lyonnais,,,Today,"Monday, 30 October 2023",Full time
1. HNL,Dinamo Zagreb,Lokomotiva,2,1,Today,"Monday, 30 October 2023",Full time
1. Lig,Eyüp,Bandirmaspor,0,1,Today,"Monday, 30 October 2023",Full time
1. SNL,Olimpija,Aluminij,0,0,Today,"Monday, 30 October 2023",Full time
3. Liga,Freiburg II,Erzgebirge Aue,0,1,Today,"Monday, 30 October 2023",Full time
African Football League,Wydad AC,Espérance de Tunis,1,0,Today,"Monday, 30 October 2023",Full time
Allsvenskan,AIK,Halmstad,1,1,Today,"Monday, 30 October 2023",Full time
Armenian Premier League,Noah,Alashkert,,,,"Monday, 30 October 2023",21:00
Armenian Premier League,Urartu,Shirak,,,,"Monday, 30 October 2023",21:00
Azerbaijan Premier League,Araz FK,Qarabağ,,,,"Monday, 30 October 2023",23:00
Botola,Tétouan,Jeunesse Sportive Soualem,4,0,Today,"Monday, 30 October 2023",Full time
Botola,Maghreb AS de Fès,Berkane,0,0,Today,"Monday, 30 October 2023",Full time
Brasileirão Série A,Paranaense,São Paulo,1,1,Today,"Monday, 30 October 2023",Full time
Brasileirão Série A,Goiás,Vasco,1,1,Today,"Monday, 30 October 2023",Full time
Brasileirão Série A,Internacional,Coritiba,3,4,Today,"Monday, 30 October 2023",Full time
Brasileirão Série A,Corinthians,Santos,1,1,Today,"Monday, 30 October 2023",Full time
Brasileirão Série A,Botafogo,Cuiabá,0,1,Today,"Monday, 30 October 2023",Full time
Brasileirão Série B,Londrina,CRB,1,1,Today,"Monday, 30 October 2023",Full time
Brasileirão Série B,Vitória,Juventude,0,0,Today,"Monday, 30 October 2023",Full time
Bulgarian First League,Ludogorets,Hebar 1918,3,1,Today,"Monday, 30 October 2023",Full time
Bundesliga,Rapid,LASK,3,3,Today,"Monday, 30 October 2023",Full time
Campeonato Uruguayo Femenino,Peñarol Women,Fénix Women,9,1,Today,"Monday, 30 October 2023",Full time
Campionato Primavera 1 TIMvision,AC Monza U19,Roma U19,,,,"Monday, 30 October 2023",21:30
Carioca 2,7 de Abril,Paduano,1,7,Today,"Monday, 30 October 2023",Full time
Challenger Pro League,Liège,RSCA Futures,0,2,Today,"Monday, 30 October 2023",Full time
Copa Santa Catarina,Concórdia,Figueirense,2,0,Today,"Monday, 30 October 2023",Full time
Copa Santa Catarina,Avaí B,Barra,2,1,Today,"Monday, 30 October 2023",Full time
Copa Santa Catarina,Marcílio Dias,Hercílio,0,1,Today,"Monday, 30 October 2023",Full time
Copa Santa Catarina,Internacional,Nação,3,3,Today,"Monday, 30 October 2023",Full time
Copa Santa Catarina,Joinville,Chapecoense B,5,1,Today,"Monday, 30 October 2023",Full time
Copa de la Liga Profesional,Colón,Atl. Tucumán,1,0,Today,"Monday, 30 October 2023",Full time
Copa de la Liga Profesional,R. Central,Argentinos Juniors,3,1,Today,"Monday, 30 October 2023",Full time
Copa de la Liga Profesional,Gimn La Plata,River Plate,1,2,Today,"Monday, 30 October 2023",Full time
Copa de la Liga Profesional,Independiente,Arsenal,0,0,Today,"Monday, 30 October 2023",Full time
Cypriot First Division,Omonia,AEK Larnaca,0,0,Today,"Monday, 30 October 2023",Full time
Cypriot First Division,Apollon Limassol,Pafos,0,3,Today,"Monday, 30 October 2023",Full time
Cypriot First Division,Anorthosis,Zakakiou,1,1,Today,"Monday, 30 October 2023",Full time
Czech Fortuna liga,Bohemians 1905,Slavia,0,2,Today,"Monday, 30 October 2023",Full time
Egyptian Premier League,Geish,Ceramica Cleo,1,0,Today,"Monday, 30 October 2023",Full time
Egyptian Premier League,Al Ahly,Baladiyyat Al Mehalla,,,Today,"Monday, 30 October 2023",Full time
Egyptian Premier League,El Dakhleya,Ismaily,,,Today,"Monday, 30 October 2023",Full time
Ekstraklasa,Raków,Widzew,1,1,,"Monday, 30 October 2023",02:33
Eliteserien,Odd,HamKam,2,0,,"Monday, 30 October 2023",02:52
Eliteserien,Sarpsborg,Stabæk,2,2,,"Monday, 30 October 2023",02:52
Eliteserien,Strømsgodset,Viking,1,0,,"Monday, 30 October 2023",02:52
Eliteserien,Sandefjord,Brann,1,1,,"Monday, 30 October 2023",02:52
Eliteserien,Vålerenga,Rosenborg,1,3,,"Monday, 30 October 2023",02:52
Football National League 2,Tver,Luki-Energiya,,,,"Monday, 30 October 2023",19:00
Football National League 2,Pobeda,SKA Rostov,,,,"Monday, 30 October 2023",19:00
Football National League 2,Druzhba,Astrakhan,,,,"Monday, 30 October 2023",21:00
Friendlies Women,USA Women,Colombia Women,3,0,Today,"Monday, 30 October 2023",Full time
Honduras Liga Nacional,Marathón,Real Sociedad,2,1,Today,"Monday, 30 October 2023",Full time
Honduras Liga Nacional,Génesis,Olancho,2,2,Today,"Monday, 30 October 2023",Full time
Honduras Liga Nacional,UPNFM,Victoria,1,0,Today,"Monday, 30 October 2023",Full time
I-League,Delhi,TRAU,1,1,,"Monday, 30 October 2023",87'
Iraq Stars League,Al-Qasim,Erbil,,,,"Monday, 30 October 2023",22:00
Jupiler Pro League,Gent,Standard,3,1,Today,"Monday, 30 October 2023",Full time
Jupiler Pro League,Kortrijk,Genk,0,3,Today,"Monday, 30 October 2023",Full time
King's Cup,Al-Najma,Al-Faisaly,,,,"Monday, 30 October 2023",20:15
King's Cup,Al-Khaleej,Damac,,,,"Monday, 30 October 2023",20:15
La Liga 2,Leganés,Villarreal II,1,0,Today,"Monday, 30 October 2023",Full time
La Liga 2,Real Oviedo,Alcorcón,2,0,Today,"Monday, 30 October 2023",Full time
La Liga 2,Santander,Racing Ferrol,1,3,Today,"Monday, 30 October 2023",Full time
Liga 1,RANS,PSM Makassar,1,1,Today,"Monday, 30 October 2023",Full time
Liga 1,Bali United,Persita Tangerang,,,Today,"Monday, 30 October 2023",Full time
Liga BBVA MX Apertura,Toluca,San Luis,3,1,Today,"Monday, 30 October 2023",Full time
Liga BBVA MX Apertura,Santos Laguna,FC Juarez,5,1,Today,"Monday, 30 October 2023",Full time
Liga BBVA MX Apertura,Tijuana,Atlas,2,0,Today,"Monday, 30 October 2023",Full time
Liga Nacional de Guatemala,Zacapa,Xinabajul,0,1,Today,"Monday, 30 October 2023",Full time
Liga Nacional de Guatemala,Achuapa,Coatepeque FC,1,0,Today,"Monday, 30 October 2023",Full time
Liga Portugal,Estrela Amadora,Famalicão,1,0,Today,"Monday, 30 October 2023",Full time
Liga Portugal,Vizela,FC Porto,0,2,Today,"Monday, 30 October 2023",Full time
Liga Portugal 2,UD Oliveirense,União Leiria,1,4,Today,"Monday, 30 October 2023",Full time
Liga Portugal 3,Anadia,Trofense,3,3,Today,"Monday, 30 October 2023",Full time
Liga Portugal 3,Felgueiras,Varzim,2,0,Today,"Monday, 30 October 2023",Full time
Liga Premier,San Pedro,Gavilanes,,,Today,"Monday, 30 October 2023",02:00
Liga Premier,Cimarrones II,Tecos,,,Today,"Monday, 30 October 2023",02:00
Liga de Expansión MX,Leones Negros,Tlaxcala,2,1,Today,"Monday, 30 October 2023",Full time
Liga de Fútbol de Primera División,Saprissa,San Carlos,2,1,Today,"Monday, 30 October 2023",Full time
LigaPro Betcris,Delfin,Cumbayá,4,0,Today,"Monday, 30 October 2023",Full time
LigaPro Betcris,Aucas,Mushuc Runa,4,0,Today,"Monday, 30 October 2023",Full time
LigaPro Betcris,Orense,Barcelona SC,2,3,Today,"Monday, 30 October 2023",Full time
Major League Soccer,Houston Dynamo,Salt Lake,2,1,Today,"Monday, 30 October 2023",Full time
Major League Soccer,Cincinnati,New York RB,3,0,Today,"Monday, 30 October 2023",Full time
Major League Soccer,St. Louis,Sporting KC,1,4,Today,"Monday, 30 October 2023",Full time
Maltese Premier League,Sliema,Gzira Utd,1,0,Today,"Monday, 30 October 2023",Full time
OTP Bank Liga,Ferencváros,Újpest,3,0,Today,"Monday, 30 October 2023",Full time
Pernambucano 2,Vera Cruz,Tabocas,3,2,Today,"Monday, 30 October 2023",Full time
Pernambucano 2,Decisão,Jaguar,2,0,Today,"Monday, 30 October 2023",Full time
Pernambucano 2,Limoeirense,Afogados,0,3,Today,"Monday, 30 October 2023",Full time
Pernambucano 2,Flamengo,CA Torres,4,0,Today,"Monday, 30 October 2023",Full time
Persha Liha,Dinaz V.,Livyi Bereh,0,0,Abandoned,"Monday, 30 October 2023",
Peru Liga 1,Grau,Unión Comercio,0,1,Today,"Monday, 30 October 2023",Full time
Peru Liga 1,ADT,CA Mannucci,0,0,Today,"Monday, 30 October 2023",Full time
Peru Liga 1,Sp. Cristal,Alianza Atl.,3,0,Today,"Monday, 30 October 2023",Full time
Peru Liga 1,Universitario,Sport Huancayo,2,0,Today,"Monday, 30 October 2023",Full time
Peru Liga 1,Binacional,Melgar,1,2,Today,"Monday, 30 October 2023",Full time
Peru Liga 1,Club Deportivo Garcilaso,Alianza Lima,0,1,Today,"Monday, 30 October 2023",Full time
Premier Soccer League,SuperSport Utd,Royal AM,,,Today,"Monday, 30 October 2023",00:00
Primera B Metropolitana,A Quilmes,Acassuso,1,1,Today,"Monday, 30 October 2023",Full time
Primera Division de El Salvador,Águila,Limeño,1,0,Today,"Monday, 30 October 2023",Full time
Primera Division de El Salvador,Firpo,CD Fuerte San Francisco,2,1,Today,"Monday, 30 October 2023",Full time
Primera Division de El Salvador,Alianza,Dragón,2,2,Today,"Monday, 30 October 2023",Full time
Primera División,Caracas,Portuguesa,2,0,Today,"Monday, 30 October 2023",Full time
Primera División,Puerto Cabello,Táchira,0,1,Today,"Monday, 30 October 2023",Full time
Primera División Clausura,Olimpia,Cerro Porteño,0,0,Today,"Monday, 30 October 2023",Full time
Primera División RFEF,Barcelona Atlètic,Osasuna II,2,1,Today,"Monday, 30 October 2023",Full time
Primera División RFEF,Ponferradina,Leonesa,1,2,Today,"Monday, 30 October 2023",Full time
Primera División RFEF,Córdoba,Huelva,1,0,Today,"Monday, 30 October 2023",Full time
Primera División RFEF,Antequera,Málaga,0,2,Today,"Monday, 30 October 2023",Full time
Primera División RFEF,Deportivo La Coruña,Tarragona,1,0,Today,"Monday, 30 October 2023",Full time
Primera División RFEF,Real Sociedad San Sebastian B,Majadahonda,2,0,Today,"Monday, 30 October 2023",Full time
Primera División RFEF,A Madrid II,Mérida,1,1,Today,"Monday, 30 October 2023",Full time
Primera Nacional,Maipú,San Martín SJ,1,0,Today,"Monday, 30 October 2023",Full time
Primera Nacional,Estudiantes RC,Mitre SdE,1,0,Today,"Monday, 30 October 2023",Full time
Primera Nacional,Almirante Br,Independiente,0,2,Today,"Monday, 30 October 2023",Full time
Qatar Stars League,Qatar,Markhiya,4,0,Today,"Monday, 30 October 2023",Full time
Qatar Stars League,Wakrah,Umm Salal,2,1,Today,"Monday, 30 October 2023",Full time
Russian Premier League,CSKA Moscow,Krasnodar,1,0,Today,"Monday, 30 October 2023",Full time
Serie C,Pescara,Recanatese,2,3,Today,"Monday, 30 October 2023",Full time
Serie C,S.S. Turris Calcio,Giugliano,0,1,Today,"Monday, 30 October 2023",Full time
Serie C,Juve Stabia,Latina,1,0,Today,"Monday, 30 October 2023",Full time
Serie C,Picerno,Foggia,2,0,Today,"Monday, 30 October 2023",Full time
Serie C,Audace Cerig.,Casertana,2,4,Today,"Monday, 30 October 2023",Full time
Serie C,Fermana,Ancona,1,1,Today,"Monday, 30 October 2023",Full time
Serie C,Lucchese,Pontedera,1,2,Today,"Monday, 30 October 2023",Full time
Serie C,V. Francavilla,Taranto,1,2,Today,"Monday, 30 October 2023",Full time
Serie C,Brindisi,Monopoli,1,2,Today,"Monday, 30 October 2023",Full time
Slovak Niké Liga,Trenčín,Spartak,2,3,,"Monday, 30 October 2023",06:17
Slovak Niké Liga,Slovan,Košice,4,0,,"Monday, 30 October 2023",06:17
Super Liga,Partizan,Voždovac,3,0,Today,"Monday, 30 October 2023",Full time
Super Liga,TSC Bačka Topola,Novi Pazar,1,1,Today,"Monday, 30 October 2023",Full time
SuperLiga,Rapid,U Craiova,2,0,Today,"Monday, 30 October 2023",Full time
SuperLiga,Botoșani,U Cluj,,,Today,"Monday, 30 October 2023",Full time
Superleague,Panathinaikos,Panserraikos,5,0,Today,"Monday, 30 October 2023",Full time
Superleague,Aris Thessaloniki,Giannina,2,0,Today,"Monday, 30 October 2023",Full time
Superleague 2,Niki,Chalastra,,,,"Monday, 30 October 2023",21:00
Superligaen,Brøndby,Nordsjælland,2,1,Today,"Monday, 30 October 2023",Full time
Süper Lig,Ankaragücü,Samsunspor,2,0,Today,"Monday, 30 October 2023",Full time
Süper Lig,Antalyaspor,Başakşehir,1,0,Today,"Monday, 30 October 2023",Full time
Süper Lig,Pendik,Fenerbahçe,0,5,Today,"Monday, 30 October 2023",Full time
Torneo Clausura,Santa Cruz,Palmaflor,0,0,Today,"Monday, 30 October 2023",Full time
Torneo Clausura,Guabirá,Aurora,2,0,Today,"Monday, 30 October 2023",Full time
Torneo Federal A,Las Heras,Juventud UU,1,1,Today,"Monday, 30 October 2023",Full time
Torneo Federal A,Atenas,Peñarol,8,2,Today,"Monday, 30 October 2023",Full time
Torneo Federal A,Germinal,Sol de Mayo,1,2,Today,"Monday, 30 October 2023",Full time
Torneo Federal A,Ferro Carril,Ciudad de Bolívar,0,0,Today,"Monday, 30 October 2023",Full time
Torneo Federal A,Estudiantes SL,Argentino MM,0,2,Today,"Monday, 30 October 2023",Full time
Torneo Federal A,Santamarina,Circulo Dep.,3,0,Today,"Monday, 30 October 2023",Full time
Torneo Federal A,Cipolletti,Olimpo,0,0,Today,"Monday, 30 October 2023",Full time
Torneo Federal A,Villa Mitre,Sansinena,4,0,Today,"Monday, 30 October 2023",Full time
Torneo Federal A,Belgrano,Def Belgrano,0,3,Today,"Monday, 30 October 2023",Full time
Torneo Federal A,Gimnasia y Esgrima,Las Parejas,1,2,Today,"Monday, 30 October 2023",Full time
Torneo Federal A,Douglas Haig,El Linqueño,0,0,Today,"Monday, 30 October 2023",Full time
Torneo Federal A,Unión Sun,De. Pro.,1,0,Today,"Monday, 30 October 2023",Full time
Torneo Federal A,Sol de América,9 de Julio,2,0,Today,"Monday, 30 October 2023",Full time
Torneo Federal A,Juv Antoniana,S Resistencia,0,0,Today,"Monday, 30 October 2023",Full time
Torneo Federal A,Crucero,SM Formosa,1,0,Today,"Monday, 30 October 2023",Full time
Torneo Federal A,Boca Unidos,Central Norte,1,0,Today,"Monday, 30 October 2023",Full time
Virsliga,RFS,Daugavpils,3,1,Today,"Monday, 30 October 2023",Full time
Women's FA Cup,Notts County LFC,Loughborough Lightning,0,2,Today,"Monday, 30 October 2023",Full time
LaLiga,Granada,Villarreal,,,,"Tuesday, 31 October 2023",04:00
Serie A,Empoli,Atalanta,,,,"Tuesday, 31 October 2023",01:30
Serie A,Lazio,Fiorentina,,,,"Tuesday, 31 October 2023",01:30
A Lyga,FA Šiauliai,Panevėžys,,,,"Tuesday, 31 October 2023",00:00
Allsvenskan,Hammarby,Sirius,,,,"Tuesday, 31 October 2023",02:00
Allsvenskan,IFK Göteborg,Elfsborg,,,,"Tuesday, 31 October 2023",02:00
Brasileirão Série B,Chapecoense,Tombense,,,,"Tuesday, 31 October 2023",07:00
Bulgarian Cup,Lovech,Cherno more,,,Tomorrow,"Tuesday, 31 October 2023",23:30
Copa de la Liga Profesional,Talleres,Banfield,,,,"Tuesday, 31 October 2023",03:00
Copa de la Liga Profesional,Lanús,Belgrano,,,,"Tuesday, 31 October 2023",03:00
Copa de la Liga Profesional,Sarmiento,San Lorenzo,,,,"Tuesday, 31 October 2023",03:00
Copa de la Liga Profesional,Huracán,Barracas C,,,,"Tuesday, 31 October 2023",03:00
Copa de la Liga Profesional,Platense,Newell's Old Boys,,,,"Tuesday, 31 October 2023",03:00
Coppa Italia,Cremonese,Cittadella,,,Tomorrow,"Tuesday, 31 October 2023",22:00
Cupa Romaniei,Hunedoara,Sepsi,,,Tomorrow,"Tuesday, 31 October 2023",21:00
Cypriot First Division,Othellos,Aris Limassol,,,,"Tuesday, 31 October 2023",01:00
EFL Championship,Coventry City,West Brom,,,,"Tuesday, 31 October 2023",04:00
Eerste Divisie,Utrecht II,MVV,,,,"Tuesday, 31 October 2023",03:00
Egyptian Premier League,National Bank,Future,,,,"Tuesday, 31 October 2023",01:00
Eliteserien,Bodø/Glimt,Lillestrøm,,,,"Tuesday, 31 October 2023",01:30
Eliteserien,Molde,Tromsø,,,,"Tuesday, 31 October 2023",01:30
Estonian Cup,Paide,JK Tallinna Kalev II,,,Postponed,"Tuesday, 31 October 2023",
Hrvatski kup,NK Rudes,Slaven Belupo,,,Tomorrow,"Tuesday, 31 October 2023",21:00
Hrvatski kup,Jadran,Hajduk,,,Tomorrow,"Tuesday, 31 October 2023",21:00
I Liga,Znicz,Miedź,,,,"Tuesday, 31 October 2023",01:00
I-League,Namdhari,Churchill,,,Tomorrow,"Tuesday, 31 October 2023",16:30
Indian Super League,Odisha,Bengaluru,,,Tomorrow,"Tuesday, 31 October 2023",22:30
Iraq Stars League,Naft Al-Wasat,Quwa,,,,"Tuesday, 31 October 2023",00:00
Iraq Stars League,AL Shorta (IRQ),Karbala,,,,"Tuesday, 31 October 2023",00:00
Iraq Stars League,Maysan,Zawra'a,,,,"Tuesday, 31 October 2023",00:00
Iraq Stars League,Newroz,Duhok,,,,"Tuesday, 31 October 2023",00:00
Iraq Stars League,Karkh,Minaa Basra,,,,"Tuesday, 31 October 2023",00:00
Kategoria Superiore,Egnatia,Kukësi,,,Tomorrow,"Tuesday, 31 October 2023",21:00
King's Cup,Al-Hilal,Al-Hazem,,,,"Tuesday, 31 October 2023",02:00
King's Cup,Al-Fateh,Al-Shabab,,,,"Tuesday, 31 October 2023",02:00
King's Cup,Al-Taawoun,Al-Wehda,,,,"Tuesday, 31 October 2023",02:00
King's Cup,Al-Fayha,Al-Ittihad,,,,"Tuesday, 31 October 2023",02:00
King's Cup,Al-Nassr,Al-Ettifaq,,,,"Tuesday, 31 October 2023",02:00
La Liga 2,Burgos,Real Zaragoza,,,,"Tuesday, 31 October 2023",04:00
Liga Portugal,Boavista,Sporting CP,,,,"Tuesday, 31 October 2023",04:15
Liga Portugal 2,Vilaverdense,Porto II,,,,"Tuesday, 31 October 2023",02:00
Liga Premier,Zacatecas,Fresnillo,,,Tomorrow,"Tuesday, 31 October 2023",10:05
LigaPro Betcris,El Nacional,Guayaquil City,,,Tomorrow,"Tuesday, 31 October 2023",08:00
Ligat HaAl,Sakhnin,Maccabi TA,,,Postponed,"Tuesday, 31 October 2023",
Ligat HaAl,Maccabi Haifa,Beitar,,,Postponed,"Tuesday, 31 October 2023",
Ligue 2 BKT,Saint-Étienne,Angers,,,,"Tuesday, 31 October 2023",03:45
Major League Soccer,Orlando,Nashville,,,,"Tuesday, 31 October 2023",07:00
Major League Soccer,Seattle Sounders,Dallas,,,,"Tuesday, 31 October 2023",07:00
National League North / South,Chelmsford City,Worthing,,,Postponed,"Tuesday, 31 October 2023",
Premier Division,Cork City,Shamrock Rovers,,,,"Tuesday, 31 October 2023",00:45
Primera A Clausura,América,Millonarios,,,Tomorrow,"Tuesday, 31 October 2023",09:00
Primera B,Cúcuta,Barranquilla,,,,"Tuesday, 31 October 2023",05:00
Primera División Clausura,Luqueño,Trinidense,,,,"Tuesday, 31 October 2023",05:00
Primera División Clausura,Club Libertad,Resistencia,,,,"Tuesday, 31 October 2023",05:00
Primera Nacional,Rafaela,Defensores Bel,,,Tomorrow,"Tuesday, 31 October 2023",08:30
Puchar Polski,Legia II,Kielce,,,Tomorrow,"Tuesday, 31 October 2023",19:00
Puchar Polski,Carina Gubin,Stal SW,,,Tomorrow,"Tuesday, 31 October 2023",19:00
Puchar Polski,Stal Brzeg,Warta Poznań,,,Tomorrow,"Tuesday, 31 October 2023",19:00
Regionalliga Nordost,ZFC Meuselwitz,Zwickau,,,Tomorrow,"Tuesday, 31 October 2023",20:30
Scottish Cup,Musselburgh,Clyde,,,,"Tuesday, 31 October 2023",03:45
Serie C,Vis Pesaro,Pineto,,,,"Tuesday, 31 October 2023",03:45
Serie C,Sestri Levante,Rimini,,,,"Tuesday, 31 October 2023",03:45
Serie C,Perugia,Virtus,,,,"Tuesday, 31 October 2023",03:45
Serie C,Cesena,Carrarese,,,,"Tuesday, 31 October 2023",03:45
Serie C,Arezzo,Gubbio,,,,"Tuesday, 31 October 2023",03:45
Serie C,Benevento,Potenza,,,,"Tuesday, 31 October 2023",03:45
Slovenian Cup,NK Turnišče,NK Prekmurec Dobrovnik,,,Tomorrow,"Tuesday, 31 October 2023",21:00
Slovenian Cup,NK Šmarje pri Jelšah,Rogaška,,,Tomorrow,"Tuesday, 31 October 2023",21:00
Slovenian Cup,NK Komen,Koper,,,Tomorrow,"Tuesday, 31 October 2023",21:00
Slovenian Cup,SD Stojnci,NK Podvinci,,,Tomorrow,"Tuesday, 31 October 2023",21:00
Slovenian Cup,MNK Izola,Tabor,,,Tomorrow,"Tuesday, 31 October 2023",21:00
Slovenian Cup,NK Trebnje,Interblock Ljubljana,,,Tomorrow,"Tuesday, 31 October 2023",21:00
Slovenian Cup,Dob,Domžale,,,Tomorrow,"Tuesday, 31 October 2023",21:00
Slovenian Cup,NK Središče,Bistrica,,,Tomorrow,"Tuesday, 31 October 2023",21:00
Slovenian Cup,NŠ Drava,NK Hajdina,,,Tomorrow,"Tuesday, 31 October 2023",21:00
Slovenian Cup,NK Bistrica iz Srednja Bistrica,Odranci,,,Tomorrow,"Tuesday, 31 October 2023",21:00
Slovenian Cup,ŠD Apače na Dravskem polju,Zavrč,,,Tomorrow,"Tuesday, 31 October 2023",21:00
Slovenian Cup,ŠD Starše,Fužinar,,,Tomorrow,"Tuesday, 31 October 2023",21:00
Slovenian Cup,Maribor,NK Jurovski dol,,,Tomorrow,"Tuesday, 31 October 2023",21:00
SuperLiga,CFR,Farul,,,,"Tuesday, 31 October 2023",02:30
Superettan,Sundsvall,Örgryte,,,,"Tuesday, 31 October 2023",02:00
Superleague,AEK Athens,PAOK,,,,"Tuesday, 31 October 2023",01:30
Superleague,OFI,Olympiacos,,,,"Tuesday, 31 October 2023",01:30
Superligaen,AGF,Randers,,,,"Tuesday, 31 October 2023",02:00
Süper Lig,Beşiktaş,Gaziantep,,,,"Tuesday, 31 October 2023",01:00
Torneo Clausura,Libertad Gran Mamoré,Bolívar,,,,"Tuesday, 31 October 2023",03:30
Torneo Clausura,Real Tomayapo,Royal Pari,,,,"Tuesday, 31 October 2023",03:30
Torneo Clausura,O. Petrolero,Wilstermann,,,,"Tuesday, 31 October 2023",03:30
Türkiye Kupasi,Kasımpaşa,68 Aksaray BS,,,Tomorrow,"Tuesday, 31 October 2023",18:00
Türkiye Kupasi,Manisa FK,Pazar,,,Tomorrow,"Tuesday, 31 October 2023",18:00
Türkiye Kupasi,Gençlerbirliği,Burdur MAKÜ,,,Tomorrow,"Tuesday, 31 October 2023",18:00
Türkiye Kupasi,Keçiörengücü,Burhaniye BS,,,Tomorrow,"Tuesday, 31 October 2023",18:00
Türkiye Kupasi,Afyonspor,1984 Muşspor,,,Tomorrow,"Tuesday, 31 October 2023",18:00
Türkiye Kupasi,Hatayspor,Sarıyer,,,Tomorrow,"Tuesday, 31 October 2023",18:00
UEFA Women's Nations League,Azerbaijan Women,Montenegro Women,,,Tomorrow,"Tuesday, 31 October 2023",20:00
UEFA Women's Nations League,Georgia Women,Lithuania Women,,,Tomorrow,"Tuesday, 31 October 2023",20:00
UEFA Women's Nations League,Slovakia Women,Romania Women,,,Tomorrow,"Tuesday, 31 October 2023",20:00
UEFA Women's Nations League,Ukraine Women,Greece Women,,,Tomorrow,"Tuesday, 31 October 2023",20:00
