Casino,Title,Disputed Amount,Safety Index,Submitted Date
Platincasino,Player’s deposit got rejected and not refunded.,Can$350,High,07 Nov 2023
Caliente Casino,Player's withdrawal request is being delayed.,"Mex$17,700",Above average,07 Nov 2023
Octocasino,"Player's account abruptly closed, refund requested.",€7,High,07 Nov 2023
Planet 7 Casino,Delay in player's withdrawal process.,"€1,000",Below average,07 Nov 2023
Kats Casino,Player's not able to withdraw their bonus winnings.,"$2,127",Below average,07 Nov 2023
Avantgarde Casino,Player's withdrawals are delayed.,€359,Very low,07 Nov 2023
GANABET CASINO,Player believes that their withdrawal has been delayed.,"Mex$4,500",Below average,07 Nov 2023
Golden Lady Casino,Player's winnings disappeared after disconnection.,"$1,300",Low,07 Nov 2023
MyStake Casino,Player unable to deactivate accidental bonus.,"$7,500 ARS",Above average,07 Nov 2023
Lucky Legends Casino,Player's withdrawal request is being denied.,$650,Below average,07 Nov 2023
Silver Oak Casino,Player’s withdrawal is delayed.,$429,Above average,07 Nov 2023
1Bet Casino,Player’s payout is delayed.,"€1,500",Very low,07 Nov 2023
BetOnline Casino,Player experiences slot machine glitches.,$65,Very low,07 Nov 2023
Slotmaniax Casino,Player’s withdrawal has been delayed.,288 ₮,High,07 Nov 2023
Platinum Reels Online Casino,Player's account is closed.,$300,Below average,07 Nov 2023
Lalabet Casino,Player's account and winnings have been seized for suspected multi-accounting.,"€5,000",High,07 Nov 2023
PowerUp Casino,Player's struggling to pass the verification.,"€5,000",Above average,07 Nov 2023
,Player’s bonus winning was capped.,800 R$,,07 Nov 2023
RioBet Casino,Player complains about false bonus promotions.,50 R$,Very high,07 Nov 2023
Voltslot Casino,"Player's account blocked, €5000 inaccessible.","€5,000",Above average,07 Nov 2023
Swift Casino,Player believes that their withdrawal has been delayed.,"€4,115",Above average,07 Nov 2023
IceCasino,Player's account blocked after attempted withdrawal.,"150,000 kr",Very high,07 Nov 2023
MyStake Casino,"Player's accounts get closed, refund and payout demanded.",£545,Above average,07 Nov 2023
Love Casino,Player's withdrawal is delayed.,"£2,000",Low,07 Nov 2023
1win Casino,Player's deposit is delayed.,"25,600 INR",Above average,07 Nov 2023
BC.Game Casino,Player's self-exclusion regret leads to account closure.,??,Above average,06 Nov 2023
Goldwin Casino,Player's withdrawal cancelled over additional document request.,"£2,000",Low,06 Nov 2023
BC.Game Casino,Player's account access has been blocked.,$140,Above average,06 Nov 2023
Rolletto Casino,Player's deposits not reflecting in the casino account.,€350,High,06 Nov 2023
22bet Casino,Player's withdrawal gets repeatedly rejected.,"21,251 INR",Low,06 Nov 2023
1xSlots Casino,Player's withdrawal is delayed.,"23,600 INR",High,06 Nov 2023
Boomerang.Bet Casino,Player’s winnings haven’t been received yet.,€240,Fresh casino,06 Nov 2023
MyStake Casino,Player's winnings were confiscated due to the opening of multiple accounts.,"£1,980",Above average,06 Nov 2023
1win Casino,Player's account suddenly blocked.,"40,000 INR",Above average,06 Nov 2023
Solarbet Casino,Player’s winnings have been confiscated.,"40,000 $",Below average,06 Nov 2023
Solisbet Casino,Player questions casino's license and wants his deposit back.,€40,Fresh casino,06 Nov 2023
Vave Casino,Player's winnings have been confiscated.,"$2,460",Low,06 Nov 2023
Blazzio Casino,Player's funds have been confiscated and the account closed over accusation of multiple accounts.,€723,Above average,06 Nov 2023
1xBet Casino,Player’s account is inaccessible due to authentication issue.,??,Below average,06 Nov 2023
Simple Casino,Player's refund is delayed after account closure.,"€2,750",Above average,06 Nov 2023
Vulkan Vegas Casino,Delay in player's withdrawal.,€100,Very high,06 Nov 2023
Boomerang.Bet Casino,Player's withdrawal delayed due to technical problems.,€300,Fresh casino,06 Nov 2023
Bet1000 Casino,Repeated verification requests delay player’s withdrawal.,160 ₮,Fresh casino,06 Nov 2023
Zodiac Casino,Withdrawal of large winnings blocked by the casino.,"NZ$20,000",High,06 Nov 2023
Slotmaniax Casino,Player believes that their withdrawal has been delayed.,"€4,101",High,06 Nov 2023
Roku Casino,Player struggles with mismatched withdrawal method.,"A$40,000",Very low,06 Nov 2023
WinPort Casino,Player can’t withdraw the winnings from the bonus.,$40,Below average,06 Nov 2023
WinVegasPlus Casino,Self-excluded player allowed to deposit.,£700,Very low,06 Nov 2023
Platincasino,Player’s account with winnings has been disabled.,"Can$5,000",High,06 Nov 2023
Skycrown Casino,Player's withdrawal is delayed due to requested documentation.,"A$1,000",High,06 Nov 2023
CannonBet Casino,Player's withdrawal request is repeatedly denied due to unmet selfie verification.,$255,Above average,06 Nov 2023
Sunrise Slots Casino,Player’s winnings haven’t been received yet.,$700,Below average,06 Nov 2023
MostBet Casino,Player suffers losses due to poor exchange rates.,€30,Very high,06 Nov 2023
Platincasino,Player found account deactivated after winning bet.,"€1,700",High,06 Nov 2023
22bet Casino,Player’s withdrawal is delayed.,€108,Low,06 Nov 2023
4raBet Casino,Player's withdrawal limit reduction hinders cash-out.,"12,000 INR",Above average,06 Nov 2023
1win Casino,Player's withdrawal delayed due to verification code issue.,"$35,000 ARS",Above average,06 Nov 2023
Casinozer,Player claims that payment has been delayed.,"€2,500",High,06 Nov 2023
BC.Game Casino,Player's account access is restricted.,"66,200 INR",Above average,06 Nov 2023
Wild.io Casino,Player's winnings were confiscated.,"$4,200",High,06 Nov 2023
VooZaZa Casino,Player experiencing delay in account verification and withdrawal issues.,€700,Below average,05 Nov 2023
CasinerX Casino,Player is experiencing difficulties with a refund.,£650,Low,05 Nov 2023
JoiaBet Casino,Player's account was suddenly closed.,400 R$,Fresh casino,05 Nov 2023
MrQ Casino,Player faces delay in withdrawal process.,£500,Below average,05 Nov 2023
Pribet Casino,Player experiences delayed withdrawal.,"€2,000",Low,05 Nov 2023
WildTornado Casino,Player experiences withdrawal delay due to screenshot issues.,€100,Very high,05 Nov 2023
New Funclub Casino,Player's withdrawal has been declined due to the usage of a free chip.,$408,Low,05 Nov 2023
Casino Midas,Player is unable to self-exclude from casino.,"€2,000",High,05 Nov 2023
Buumi Casino,Player complains about the lack of essential feature violating gambling law.,"€5,061",High,05 Nov 2023
Svenplay Casino,Player struggles to withdraw winnings.,"€2,000",Very low,05 Nov 2023
888Starz Casino,Player’s withdrawal is blocked due to verification issues.,"40,000 INR",Above average,05 Nov 2023
7BitCasino,Player's account disabled after deposit.,$706,High,05 Nov 2023
FortuneJack Casino,Player’s withdrawal has been delayed.,$600,High,05 Nov 2023
Stelario Casino,Player believes that their withdrawal has been delayed.,"$1,022 ARS",Above average,05 Nov 2023
Stellar Spins Casino,Player’s account has been locked with pending withdrawal.,"A$13,000",Below average,05 Nov 2023
Silver Oak Casino,Player's withdrawal is delayed.,$660,Above average,05 Nov 2023
Slots Garden Casino,Player's withdrawal has been delayed.,"$16,000",Below average,05 Nov 2023
HellSpin Casino,Player's account has been closed with winnings confiscated.,€600,Below average,05 Nov 2023
Hold'N'Spin Casino,Player experiencing difficulties with withdrawal and playing.,"€2,000",Fresh casino,04 Nov 2023
Gomblingo Casino,Player's winnings significantly reduced after bonus ended.,"€15,500",Low,04 Nov 2023
Fair Go Casino,Player's promised bonus not granted.,??,Below average,04 Nov 2023
IviBet Casino,Player’s deposit not credited to casino account.,€500,Low,04 Nov 2023
Rollino Casino,"Player's account closed, winnings confiscated due to alleged addiction.",Can$600,Above average,04 Nov 2023
Slots & Luck Casino,Player's account closed after partial payout.,"$10,349",Fresh casino,04 Nov 2023
Cashalot Casino,Player claims that payment has been delayed.,"40,000 kr",Very low,04 Nov 2023
Superb Casino,Player’s deposit not reflected in their account.,€200,Very low,04 Nov 2023
Velobet Casino,Player allowed to deposit despite self-exclusion.,£400,Below average,04 Nov 2023
Wazamba Casino,Player didn't receive promised free spins.,€20,Very high,04 Nov 2023
The Pokies Casino,Player believes that their withdrawal has been delayed.,"A$1,200",Above average,04 Nov 2023
Justbit Casino,Player's account blocked due to citizenship.,"€4,980",High,04 Nov 2023
SG Casino,Player's withdrawals have been delayed.,"€1,000",Above average,04 Nov 2023
Royal Reels Casino,Player's winnings confiscated and account restricted.,"A$2,800",High,04 Nov 2023
Unlim Casino,Player’s winnings have been confiscated.,"2,835 ₮",Fresh casino,04 Nov 2023
PalmSlots Casino,Player's withdrawal has been delayed.,Can$400,Above average,04 Nov 2023
Vulkan Vegas Casino,Player experiences repeated withdrawal errors.,"$13,200",Very high,04 Nov 2023
Hold'N'Spin Casino,Player reports casino's withdrawal and deposit methods are blocked.,$25,Fresh casino,04 Nov 2023
Wild.io Casino,Player missed promised referral spins.,$18,High,04 Nov 2023
BitReels Casino,Player’s winnings haven’t been received yet.,"A$1,000",Above average,04 Nov 2023
Rooster Bet Casino,Player frustrated with delayed verification process.,€85,Fresh casino,04 Nov 2023
Royal Ace Casino,Player’s winnings haven’t been received yet.,$177,Above average,04 Nov 2023
Winstark Casino,Player believes that their withdrawal has been delayed.,$150,Below average,04 Nov 2023
Lucky Wilds Casino,Withdrawal of player's winnings has been delayed.,€316,Low,04 Nov 2023
Snatch Casino,Player's identification not verified for withdrawal.,€100,High,04 Nov 2023
Vulkan Vegas Casino,Player is facing a delayed withdrawal process.,"€1,000",Very high,03 Nov 2023
Spin247 Casino,Player's withdrawal is significantly delayed.,"R5,000",Above average,03 Nov 2023
Marathonbet Casino,Player's account blocked due to betting amount claim.,902 R$,Above average,03 Nov 2023
Vulkan Vegas Casino,Player’s winnings keep returning to account.,350 R$,Very high,03 Nov 2023
Cafe Casino,Player facing issues with bitcoin deposit.,$50,Low,03 Nov 2023
Magic Win Casino,Player believes that their withdrawal has been delayed.,"£2,700",Very low,03 Nov 2023
EmirBet Casino,Withdrawal of player's winnings has been delayed.,"€1,261",Low,03 Nov 2023
1Bet Casino,Player’s winnings haven’t been received yet.,"€5,000",Very low,03 Nov 2023
BetItAll Casino,Player with self-exclusion issue lost winnings.,"€1,500",High,03 Nov 2023
Richard Casino,Player has an issue with failed deposit.,€500,High,03 Nov 2023
Rox Casino,Player’s account with significant winnings has been blocked.,"€20,400",High,03 Nov 2023
1xSlots Casino,Player Experiences Issues with Cashback Mechanism.,$623,High,03 Nov 2023
PariPesa Casino,Player's account blocked and withdrawal delayed.,€500,Low,03 Nov 2023
Wild.io Casino,Player’s deposit lost in blockchain.,$7,High,03 Nov 2023
NetBet Casino GR,Player believes that their withdrawal has been delayed.,€511,Below average,03 Nov 2023
24betting Casino,Player's deposit is not credited in the account.,"25,000 INR",Below average,03 Nov 2023
Bettilt Casino,Player's account has been blocked.,"10,000 INR",Low,03 Nov 2023
Gomblingo Casino,Player experiences prolonged withdrawal delay.,€821,Low,03 Nov 2023
BetPlays Casino,Player’s winnings are delayed due to verification issues.,€918,Low,03 Nov 2023
EnergieKasino Casino,Player's withdrawal has been repeatedly denied and account suspended.,€25,Above average,03 Nov 2023
SilverSands Casino,Player can't access the casino account.,R100,Below average,03 Nov 2023
Vegas2Web Casino,Player's withdrawal is being constantly delayed.,$10,Below average,03 Nov 2023
20Bet Casino,Player claims that payment has been delayed.,"€3,800",Below average,03 Nov 2023
Spintornado Casino,Player's withdrawal delayed.,"€1,100",Low,03 Nov 2023
Vulkan Vegas Casino,Player's withdrawal delayed despite KYC completion.,"€6,000",Very high,03 Nov 2023
Stelario Casino,Player’s withdrawal has been delayed.,€400,Above average,03 Nov 2023
Slots of Vegas Casino,Player’s withdrawal is delayed.,$78,Above average,03 Nov 2023
Velobet Casino,Player is requesting a deposit refund.,"£4,000",Below average,03 Nov 2023
Megapari Casino,Player experiences repeated withdrawal denials.,169 S/.,Below average,03 Nov 2023
Dafabet Casino,Player's struggling to pass the verification process.,"$1,075",Above average,03 Nov 2023
Raging Bull Slots Casino,Player's winnings were confiscated and the account was banned.,"$3,600",Above average,03 Nov 2023
888 Casino IT,Player’s withdrawal has been delayed.,"€25,000",Very high,03 Nov 2023
Betmotion Casino,Player has not received his withdrawal.,"Mex$14,759",High,03 Nov 2023
Mr Bet Casino,Player facing difficulty in verifying a payment method.,"19,700 R$",High,03 Nov 2023
HitNSpin Casino,Player faces unusual verification requirements to withdraw winnings.,€70,Very high,03 Nov 2023
Velobet Casino,Player’s withdrawal requests are getting rejected.,"£3,000",Below average,03 Nov 2023
b-Bets Casino,Player’s withdrawal payments are delayed.,"50,500 kr",Below average,03 Nov 2023
Apollo Spin Casino,Player complains about technical issues and unresponsive support.,"2,000 руб",Fresh casino,03 Nov 2023
SpinsBro Casino,Player's withdrawal is excessively delayed.,"€3,000",High,03 Nov 2023
Palm.Casino,Non-payment of winnings to a UK player.,"£3,100",Very low,03 Nov 2023
Playzilla Casino,Player struggles with bank statement verification.,"2,500 R$",High,03 Nov 2023
All Wins Casino,Player’s winnings have been restricted.,£600,Very low,03 Nov 2023
Royal Reels Casino,Player's account has been banned because of chargeback.,??,High,03 Nov 2023
Mr Bet Casino,Player can’t access his account for withdrawal.,"Can$2,748",High,03 Nov 2023
Buran Casino,Player claims that payment has been delayed.,€100,Very high,02 Nov 2023
Hold'N'Spin Casino,Player experiences issues with points in casino's tournament.,"€1,500",Fresh casino,02 Nov 2023
AmigoBingo Casino,Player is denied their bonus winnings.,$117,Very low,02 Nov 2023
CryptoBetSports Casino,Player’s withdrawal has been delayed.,"30,000 руб",Fresh casino,02 Nov 2023
BetMGM Casino UK,Player's winnings have been confiscated over self-exclusion dispute.,£600,High,02 Nov 2023
Rabona Casino,Player’s account has been flagged as duplicate.,"€15,300",Very high,02 Nov 2023
Pinsino Casino,Player is dissatisfied with the casino's bonus terms.,"€7,517",Below average,02 Nov 2023
BOHO Casino,Player's deposit has not been credited.,€25,High,02 Nov 2023
Crypto Games Casino,Player is experiencing difficulties with the self-exclusion request.,"$1,500",Above average,02 Nov 2023
Swift Casino,Player can't access deposited funds for gambling.,300 kr,Above average,02 Nov 2023
Mr Bet Casino,Player's verification process repeatedly unsuccessful.,€369,High,02 Nov 2023
BacanaPlay Casino DE,Player is experiencing difficulties with accessing the games.,€39,High,02 Nov 2023
LevelUp Casino,Player's deposit has not been credited to his casino account.,€43,High,02 Nov 2023
Wild.io Casino,Player's account has been locked abruptly.,"$20,000",High,02 Nov 2023
Slot Madness Casino,Player’s withdrawal is delayed due to unresponsive support.,$236,Below average,02 Nov 2023
Snatch Casino,Player is experiencing difficulties with her self-exclusion.,"12,000 kr",High,02 Nov 2023
Hornetbet Casino,Player's account has been locked after a deposit mistake.,€49,Above average,02 Nov 2023
African Grand Casino,Player's winnings being paid in installments.,"R20,000",Low,02 Nov 2023
VayCasino,Player's winnings are delayed.,"TL 50,000",Fresh casino,02 Nov 2023
Vulkan Vegas Casino,Player's withdrawal request was delayed due to additional verification.,"€3,000",Very high,02 Nov 2023
BetItAll Casino,Player’s winnings haven’t been received yet.,"€1,460",High,02 Nov 2023
Celu Apuestas Casino,Player's withdrawal request has been ignored.,"$500,000 ARS",Below average,02 Nov 2023
SpinBit Casino,Player's funds have been confiscated.,$500,Above average,02 Nov 2023
PlanetWin365 Casino,Player is locked out of account.,€50,Very high,02 Nov 2023
Boomerang.Bet Casino,Player’s withdrawal attempts are unsuccessful.,"€5,000",Fresh casino,02 Nov 2023
Suprabets Casino,Player's account closed after winning.,"186,600 ₦",High,02 Nov 2023
SpinCity Casino,Player's withdrawal delayed by verification.,"€1,000",Below average,02 Nov 2023
,Player account closed after location issue.,"€1,100",,02 Nov 2023
Winawin Casino,Player's deposit is delayed.,€100,High,02 Nov 2023
Lucky Legends Casino,Delay in player's Bitcoin withdrawal.,$590,Below average,02 Nov 2023
Lucky Barry Casino,Player’s withdrawals are restricted.,"€18,000",Very low,02 Nov 2023
Nomini Casino,Player unable to access account for withdrawal.,€500,Very high,02 Nov 2023
Leon Casino,Player's winnings confiscated and account closed.,"30,190 INR",Above average,02 Nov 2023
Snatch Casino,Player confronts withdrawal issues at Snatch Casino.,€165,High,02 Nov 2023
Velobet Casino,"Player bypasses self-exclusion, loses funds on sister site.",€830,Below average,02 Nov 2023
1win Casino,Player is unable to update the email address.,"R32,000",Above average,02 Nov 2023
BoGamba Casino,Withdrawal of player's winnings has been delayed.,"€2,000",Below average,02 Nov 2023
Afun Casino,Player's account abruptly blocked by casino.,70 R$,High,02 Nov 2023
1win Casino,Indian player's account blocked after five withdrawals.,"14,400 INR",Above average,02 Nov 2023
Lucky Wilds Casino,Player reports delayed withdrawal and poor customer support.,"€5,000",Low,02 Nov 2023
Betmaster Casino,Player's issue with obtained winnings.,€550,High,01 Nov 2023
Rollbit Casino,Player accused of KYC circumvention.,970 ₮,Above average,01 Nov 2023
CashiMashi Casino,Player’s winnings confiscated due to alleged manipulative gameplay.,"€9,261",High,01 Nov 2023
MyEmpire Casino,Player's deposit has not been credited.,€20,Above average,01 Nov 2023
Lucky Crypto Casino,Player's withdrawal is delayed.,"1,200 CHF",Below average,01 Nov 2023
MyEmpire Casino,Player’s winnings haven’t been received yet.,"5,260 Kč",Above average,01 Nov 2023
Casinoin,Player's account blocked and partial refund given.,"$18,600",High,01 Nov 2023
Silver Oak Casino,Player's verification and withdrawal being denied.,"2,000 KM",Above average,01 Nov 2023
Goldenbet Casino,Player believes that their withdrawal has been delayed.,"£3,500",Above average,01 Nov 2023
Casino Kakadu,Player's confirmed withdrawal has not been transferred.,"€1,000",High,01 Nov 2023
GoodMan Casino,Player's withdrawal is delayed.,"€19,000",High,01 Nov 2023
4raBet Casino,Withdrawal of player's winnings has been delayed.,"26,700 INR",Above average,01 Nov 2023
888 Casino,Player’s withdrawal is delayed.,750 R$,High,01 Nov 2023
21bit Casino,Web error blocking player's withdrawal attempt.,Ł2,High,01 Nov 2023
Bruno Casino,Player's withdrawal via crypto is still pending.,€100,High,01 Nov 2023
Blazzio Casino,Player’s winnings are not being paid to his bank account.,"€1,500",Above average,01 Nov 2023
CBet Casino,Player claims that payment has been delayed.,"2,958 ₮",Below average,01 Nov 2023
Red Dog Casino,Player’s withdrawal is limited by casino.,"$27,000",High,01 Nov 2023
Pin-Up Casino,Player experiences delayed withdrawal due to repetitive document requests.,"5,500 INR",Above average,01 Nov 2023
Prism Casino,Player’s winnings were confiscated due to alleged account duplication.,"$1,000",Above average,01 Nov 2023
SpinCity Casino,Player's withdrawal delayed due to verification process.,Can$400,Below average,01 Nov 2023
JVSpin Casino,Player’s withdrawal is delayed.,20 R$,High,01 Nov 2023
Stupid Casino,Player’s winnings haven’t been received yet.,€48,Low,01 Nov 2023
Platincasino,Player experiences withdrawal complications due to Paysafe deposit.,€137,High,01 Nov 2023
BAQTO Casino,Player's withdrawal is delayed.,"$12,000",Very low,01 Nov 2023
WinDetta Casino,Player is experiencing delayed payout.,"1,000 R$",High,01 Nov 2023
ShinyWilds Casino,Player’s winnings haven’t been received yet.,A$950,Below average,01 Nov 2023
Librabet Casino,Player claims that payment has been delayed.,€500,Very high,01 Nov 2023
BetBoom Casino,Player’s withdrawal has been delayed due to lengthy review process.,"$6,182",High,01 Nov 2023
Cloudbet Casino,Player's deposit via cryptocurrency has not been recognized.,$24,High,01 Nov 2023
SpinCity Casino,Player struggles with verification for withdrawal.,Can$200,Below average,01 Nov 2023
Jackbit Casino,Player's account has been blocked after major win.,"72,000 ₮",Fresh casino,01 Nov 2023
Hold'N'Spin Casino,Player's withdrawal of winnings has been delayed.,€950,Fresh casino,01 Nov 2023
MyStake Casino,Player used his brother's payment card without permission.,"£2,800",Above average,01 Nov 2023
FoxyPlay Casino,Player is upset over deducted winnings.,"6,400 руб",Fresh casino,01 Nov 2023
Betonic Casino,Player is experiencing difficulties with withdrawing his winnings.,"Can$3,300",Very low,31 Oct 2023
Galactic Wins Casino,Player complains about disrupted winnings.,"Can$10,000",Below average,31 Oct 2023
Bella Vegas Casino,Player's winnings confiscated due to comp points use.,$150,Low,31 Oct 2023
HotSlots Casino,Player's casino account has disappeared with funds.,"7,000 zł",Above average,31 Oct 2023
Marathonbet Casino,Player's account has been blocked.,"1,426 R$",Above average,31 Oct 2023
,Player's accounts have been locked in Zeus Casino.,"$525,000 ARS",,31 Oct 2023
Lucky Legends Casino,Player's withdrawal is delayed.,$200,Below average,31 Oct 2023
Odds96 Casino,Player's account has been blocked after verification.,"7,000 INR",Fresh casino,31 Oct 2023
NetBet Casino IT,Player’s account was closed.,"€2,154",Above average,31 Oct 2023
Hold'N'Spin Casino,Player believes that their withdrawal has been delayed.,$400,Fresh casino,31 Oct 2023
Sultanbet Casino,Delayed verification leads to player's lost winnings.,€800,Above average,31 Oct 2023
iWild Casino,Player cannot provide required ezeewallet screenshot.,"€1,200",High,31 Oct 2023
BitBetWin Casino,Player struggles with verification for withdrawal.,$20,Above average,31 Oct 2023
Neon54 Casino,Player denied bonus and unable to withdraw.,€200,Above average,31 Oct 2023
Bankonbet Casino,Player claims that payment has been delayed.,"€3,500",Above average,31 Oct 2023
Crypto Loko Casino,Player's winnings have been confiscated.,"$4,503",Below average,31 Oct 2023
WildTornado Casino,Player can't access games and withdraw funds.,A$499,Very high,31 Oct 2023
Casino Rocket,Player struggles to withdraw his winnings.,"A$6,000",High,31 Oct 2023
Lucky Legends Casino,Player's withdrawal is delayed.,"$2,000",Below average,31 Oct 2023
Yabby Casino,Player's winnings confiscated due to a duplicate account.,$900,High,31 Oct 2023
Raging Bull Slots Casino,Player experiences delayed payout.,$386,Above average,31 Oct 2023
Silverplay Casino,Player’s withdrawal of 900 euros is delayed.,€900,Low,31 Oct 2023
Spinero Casino,Player dealing with verification issues.,Can$600,Above average,31 Oct 2023
Mirax Casino,Player's request to avoid bonus was not honored.,$39,High,31 Oct 2023
Buran Casino,Player's withdrawal is delayed due to changes in rules.,"€3,500",Very high,31 Oct 2023
Wazamba Casino,Player’s withdrawal is delayed for a week.,€718,Very high,31 Oct 2023
Wazamba Casino,Player's Bonus withdrawal is delayed.,€150,Very high,31 Oct 2023
1win Casino,Player’s account has been locked.,"4,768,792 INR",Above average,31 Oct 2023
Tonybet Casino ES,Player is struggling to verify the card for withdrawal.,€50,Above average,31 Oct 2023
Casumo Casino,Player claims that payment has been delayed.,"Can$1,000",High,31 Oct 2023
Hold'N'Spin Casino,Player experiences withdrawal delay and unresponsive support.,"€1,800",Fresh casino,31 Oct 2023
Love Casino,Player’s withdrawal of winnings delayed.,"£1,000",Low,30 Oct 2023
24CasinoBet,Delayed Withdrawal and Unhelpful Customer Service.,"£1,000",Very low,30 Oct 2023
Royal Planet Casino,Player’s withdrawal delay due to casino’s ‘technical issues’.,$254,Low,30 Oct 2023
helabet Casino,Player experiences withdrawal delay after document verification.,"8,664 ¥",Below average,30 Oct 2023
IceCasino,Player’s withdrawal has been delayed.,€500,Very high,30 Oct 2023
Mr Sloty Casino,Player claims that payment has been delayed.,£524,Very low,30 Oct 2023
Nucleonbet Casino,Player’s withdrawal is being indefinitely delayed.,"€1,000",Very low,30 Oct 2023
BetOnRed Casino,Player requests refund after account closure.,"€3,000",Fresh casino,30 Oct 2023
Pinnacle Casino,Player’s withdrawal request has been rejected.,"Can$1,500",High,30 Oct 2023
CasinoCastle,Player not receiving promised bonus spins.,$25,Below average,30 Oct 2023
Bruce Bet Casino,Player with disqualified winnings due to a bonus.,400 CHF,Fresh casino,30 Oct 2023
Wild.io Casino,Player's account was blocked.,"$1,900",High,30 Oct 2023
Spin247 Casino,Player's account closed unexpectedly.,300 R$,Above average,30 Oct 2023
500 Casino,Player's account was blocked.,"77,400 ₮",Above average,30 Oct 2023
Velobet Casino,Player's casino withdrawal thwarted by non-existent bank transfer option.,"3,303 ман",Below average,30 Oct 2023
SpinBetter Casino,Player claims that payment has been delayed.,€42,High,30 Oct 2023
Botemania Casino,Player is encountering validation issues for withdrawal.,€60,Very high,30 Oct 2023
Captain Jack Casino,Player's bonus winnings have been partially confiscated.,"$2,000",Below average,29 Oct 2023
Coinplay Casino,Player's deposit was not credited.,Ξ1,Fresh casino,29 Oct 2023
Palms Bet Casino,Player struggles with complicated verification process.,134 лв,High,29 Oct 2023
Casino Royal Dragon,Player's withdrawal request rejected due to bonus terms dispute.,$100,Low,29 Oct 2023
Slotmaniax Casino,Player’s winnings haven’t been received yet.,€200,High,29 Oct 2023
VIP Arab Club Casino,Player experiences issues with slot machine betting.,300 Lek,Low,29 Oct 2023
Tournaverse Casino,Player's withdrawal is delayed.,€400,Low,29 Oct 2023
1win Casino,Player's account unexpectedly blocked.,"4,768,792 INR",Above average,29 Oct 2023
AMPM Casino,Player's winnings were confiscated.,"19,000 zł",Below average,29 Oct 2023
Brango Casino,Player’s winnings have been confiscated.,$450,High,29 Oct 2023
Casumo Casino,Player's account locked during winnings withdrawal.,"$20,000",High,29 Oct 2023
Bet24-7 Casino,Player’s winnings have been confiscated.,"€2,000",Below average,29 Oct 2023
1win Casino,Player cannot withdraw his winnings.,€400,Above average,29 Oct 2023
Ruby Slots Casino,Player struggles with winning payment denial.,$100,Above average,29 Oct 2023
21 Prive Casino,Player questions the legitimacy of the Casino.,10 лв,Above average,29 Oct 2023
Bet O Bet Casino,Player believes that their withdrawal has been delayed.,"€1,330",Very low,29 Oct 2023
Getwin Casino,Player's account with a balance has been blocked.,"$3,600",Very low,29 Oct 2023
Silver Oak Casino,"Delay in $1,000 withdrawal.","$1,000",Above average,29 Oct 2023
Betandplay Casino,Reopened player account questions unanswered.,€50,Above average,29 Oct 2023
Ocean Breeze Casino,Player’s withdrawal remains delayed.,€130,Very low,29 Oct 2023
Bet O Bet Casino,Player’s withdrawal has been delayed.,€861,Very low,29 Oct 2023
QuickWin Casino,Player’s withdrawal has been delayed.,€500,Very high,28 Oct 2023
1win Casino,Player experiencing verification issues during withdrawal.,"$10,000 CLP",Above average,28 Oct 2023
Weiss Casino,Player’s winnings are withheld.,456 TRX,High,28 Oct 2023
NordSlot Casino,Player’s winnings are cancelled and account is blocked.,"€3,830",Above average,28 Oct 2023
CosmicSlot Casino,Player’s withdrawal has been delayed.,€800,High,28 Oct 2023
LottoHoy Casino,Player claims that payment has been delayed.,€500,Fresh casino,28 Oct 2023
Monro Casino,Player from restricted location had account blocked.,$25,High,28 Oct 2023
BigWins Casino,Player’s withdrawal is significantly delayed.,£320,Very low,28 Oct 2023
Vulkan Vegas Casino,Peruvian Player's account blocked on geographical grounds.,460 S/.,Very high,28 Oct 2023
GuruPlay Casino,Player believes that their withdrawal has been delayed.,"€4,002",Low,28 Oct 2023
Ruby Slots Casino,Player claims that payment has been delayed.,$100,Above average,28 Oct 2023
PariPesa Casino,Player believes that their withdrawal has been delayed.,€85,Low,28 Oct 2023
BABU88 Casino,Player's deposited funds not added to the account.,700 INR,Above average,28 Oct 2023
BoGamba Casino,Player’s winnings haven’t been received yet.,"$2,120",Below average,28 Oct 2023
Raging Bull Slots Casino,Player claims that payment has been delayed.,$150,Above average,28 Oct 2023
Lucky Legends Casino,Player's withdrawal is delayed.,$939,Below average,28 Oct 2023
WinPort Casino,Player experiences delay in $2000 withdrawal.,"$2,000",Below average,28 Oct 2023
Royal Ace Casino,Player claims that payment has been delayed.,$110,Above average,28 Oct 2023
Raging Bull Slots Casino,Player's withdrawal is delayed.,"$2,500",Above average,28 Oct 2023
Parimatch Casino,Player's withdrawal delayed by verification process.,"21,015 S/.",Above average,28 Oct 2023
Casino33,Player’s winnings blocked in the account.,"$18,000 ARS",Very low,28 Oct 2023
Slots Safari Casino,Player challenges deposit descriptors and account closure.,£298,Very low,28 Oct 2023
Vegas Lounge Casino,Player's account closed after early bonus request.,??,Below average,28 Oct 2023
Rajabets Casino,Player experiences KYC verification delay.,"39,300 INR",Above average,28 Oct 2023
Casinoin,Casino withholding player's winnings over irrelevant documents.,"€1,650",High,28 Oct 2023
QuickWin Casino,"Player’s game freezes, blocking access to winnings.",€75,Very high,28 Oct 2023
Platincasino,Player's account blocked by Casino.,€365,High,28 Oct 2023
iWild Casino,Player reports confiscated winnings and account closure.,"3,000 R$",High,27 Oct 2023
Paradise 8 Casino,Delayed withdrawal and lack of communication.,$100,Low,27 Oct 2023
Raging Bull Slots Casino,Player's withdrawal request is unresolved.,$70,Above average,27 Oct 2023
PrimeBetz Casino,Player's withdrawal is cancelled and withdrawal methods removed.,€567,Below average,27 Oct 2023
Betstarexchange Casino,Player's loss bonus is delayed.,700 INR,Low,27 Oct 2023
BonusBet Casino,Player’s withdrawal is delayed.,"€4,000",Very low,27 Oct 2023
RANT Casino,Player complains about delayed verification process.,€250,High,27 Oct 2023
Vulkan Vegas Casino,Player’s withdrawal is delayed.,€900,Very high,27 Oct 2023
Bankonbet Casino,Player with gambling addiction breached self-exclusion.,"€10,000",Above average,27 Oct 2023
Snatch Casino,Player experiences withdrawal restrictions despite a high VIP account level.,"€57,500",High,27 Oct 2023
Anonym Bet Casino,Player’s winnings have been confiscated.,"€4,500",Very low,27 Oct 2023
Indibet Casino,Player's account was disabled due to a duplicate account accusation.,"23,850 INR",Above average,27 Oct 2023
Gamdom Casino,Casino failed to support responsible gambling for addicted player.,€600,Very high,27 Oct 2023
Hornetbet Casino,Player struggles with withdrawal due to unclear bonus wagering.,€510,Above average,27 Oct 2023
Play Fortuna Casino,Player’s winnings have been confiscated over an alleged rules violation.,€583,High,27 Oct 2023
Lucky Red Casino,Player suspects fraudulent activity at a casino.,"$4,000",Very high,27 Oct 2023
Scarabwins Casino,Player claims unauthorized transactions with SCARABWINS.,£95,Low,27 Oct 2023
Bet O Bet Casino,Player’s withdrawal has been delayed.,"€2,200",Very low,27 Oct 2023
Sultanbet Casino,Player's withdrawal is delayed due to KYC process.,"$35,000",Above average,27 Oct 2023
Royal Ace Casino,Player’s winnings haven’t been received yet.,"$1,601",Above average,27 Oct 2023
Smokace Casino,Player’s winnings haven’t been received yet.,800 R$,High,27 Oct 2023
Pacific Spins Casino,Player experiences difficulties with account verification.,$50,Below average,27 Oct 2023
DuckyLuck Casino,Player experiences game glitch and lost deposit.,$70,Below average,27 Oct 2023
Tournaverse Casino,Player's withdrawal has been delayed.,"¥196,000",Low,27 Oct 2023
Wettenlive Casino,Player's deposit has not been credited correctly.,"€1,000",Low,27 Oct 2023
MyStake Casino,Player unable to bet due to activated bonus.,"$2,625 ARS",Above average,27 Oct 2023
Heaps O Wins Casino,Player was denied winnings from free spins.,$100,Above average,27 Oct 2023
Lucky Legends Casino,Player struggles with delayed withdrawal process.,"$1,497",Below average,27 Oct 2023
Dachbet Casino,Player claims that payment has been delayed.,"€1,967",Very low,27 Oct 2023
GoldenLion.bet Casino,Player's self-exclusion request is ignored.,??,Very low,27 Oct 2023
Mr Sloty Casino,Player has delayed withdrawal issue.,£449,Very low,27 Oct 2023
Smokace Casino,Player’s winnings haven’t been received yet.,€200,High,27 Oct 2023
GoldenPark Casino PT,Player's withdrawal delayed due to document verification.,€790,High,27 Oct 2023
Vulkan Vegas Casino,Player's account blocked during name amendment process.,$447 CLP,Very high,26 Oct 2023
Winz.io Casino,Player's winnings confiscated after sudden country restriction.,$300,High,26 Oct 2023
Paradise 8 Casino,Player’s account has been blocked following verification process.,€100,Low,26 Oct 2023
Genting Casino,Player has login and deposit issues.,??,High,26 Oct 2023
PariPesa Casino,Player’s winnings haven’t been received yet.,€120,Low,26 Oct 2023
Wazamba Casino,Player's account suddenly frozen after verification.,"€11,226",Very high,26 Oct 2023
Lucky7even Casino,Player’s deposit not credited to account.,"22,450 руб",Fresh casino,26 Oct 2023
Stake Casino,Player could not pass the fourth level of account verification.,560 ₮,Above average,26 Oct 2023
BC.Game Casino,Player’s deposit and bonus fund are locked.,"10,000 ₦",Above average,26 Oct 2023
Weiss Casino,Player's withdrawal is delayed.,"8,710 ₮",High,26 Oct 2023
FoxyPlay Casino,Player complains about confiscated winnings and language discrepancy in T&Cs.,"16,560 kr",Fresh casino,26 Oct 2023
Hold'N'Spin Casino,Delayed withdrawal and deducted funds experienced by player.,"€2,603",Fresh casino,26 Oct 2023
FoxyPlay Casino,Player is struggling with an excessive wagering requirement.,"Can$2,413.9",Fresh casino,26 Oct 2023
Sol Casino,Player's withdrawal is being delayed.,790 ₮,High,26 Oct 2023
Stake Casino,Player struggles with delayed account verification.,281 R$,Above average,26 Oct 2023
Ruby Slots Casino,Player has difficulties in account verification.,$80,Above average,26 Oct 2023
Bankonbet Casino,Player's account is not closed despite request.,€150,Above average,26 Oct 2023
LevelUp Casino,Player’s winnings haven’t been received yet.,"A$2,400",High,26 Oct 2023
iWild Casino,Player's winnings have been deducted significantly due to a bonus.,"Can$1,500",High,26 Oct 2023
Sunrise Slots Casino,Player is experiencing delayed withdrawal.,$100,Below average,26 Oct 2023
1win Casino,Player's withdrawal is delayed.,"$8,000 ARS",Above average,26 Oct 2023
bwin Casino DE,Player encounters gaming software issue.,"€1,234",High,26 Oct 2023
BetOnRed Casino,Player was denied promised cashbacks.,€11,Fresh casino,26 Oct 2023
,Player suspects unlicensed use of game by casinos.,"4,000 KM",,26 Oct 2023
1Bet Casino,Player's withdrawal was repeatedly canceled.,€95,Very low,26 Oct 2023
LuckyNiki Casino DE,Player’s winnings haven’t been received yet.,€430,High,25 Oct 2023
1win Casino,Player’s account blocked with balance after KYC check.,"100,000 INR",Above average,25 Oct 2023
YoCasino,Unresolved tournament credit issue.,??,High,25 Oct 2023
Bitcasino.io,Player's promised cashback remains unpaid.,160 ₮,High,25 Oct 2023
Bitcasino.io,Player didn’t receive promised cashback.,$140,High,25 Oct 2023
22bet Casino,Player's account was closed due to accusations of opening multiple accounts.,€975,Low,25 Oct 2023
CatCasino,Player faces repeated game disruptions.,??,Very high,25 Oct 2023
Palm.Casino,Player from UK denied withdrawal and subsequently kicked out.,"€6,200",Very low,25 Oct 2023
Vulkan.bet Casino,Player's account blocked due to friend's activities.,"€6,200",High,25 Oct 2023
Lucky Creek Casino,Player gets conflicting information about winnings.,"$5,500",Below average,25 Oct 2023
Big5Casino,Player's withdrawal is delayed.,€900,Below average,25 Oct 2023
GoldenLion.bet Casino,Player's withdrawal is delayed.,£103,Very low,25 Oct 2023
Sector 777 Casino,Withdrawal of player's winnings has been delayed.,£89,Low,25 Oct 2023
BC.Game Casino,Player’s account access restricted with funds inside.,"2,400,000 INR",Above average,25 Oct 2023
Betfair Casino,Betfair account closure results in delayed refund for UK player.,"£7,000",High,25 Oct 2023
Pacific Spins Casino,Player's documents were denied with no explanation.,$50,Below average,25 Oct 2023
GoSlot! Casino,Player claims GoSlot refuses to pay winnings.,"€14,000",Above average,25 Oct 2023
PrimaPlay Casino,Player faces deposit and bonus issues.,??,Below average,25 Oct 2023
GoldenSpin Casino,Player’s withdrawal has been delayed.,"$1,000",Very low,25 Oct 2023
Slots of Vegas Casino,Player experiences withdrawal delay.,"$2,300",Above average,25 Oct 2023
Lucky Legends Casino,Player’s withdrawal is continuously delayed.,$600,Below average,25 Oct 2023
Rollino Casino,Player’s withdrawal has been delayed.,"€3,000",Above average,25 Oct 2023
Slots33 Casino,Player's account deleted upon withdrawal attempt.,"2,000 RM",Very low,25 Oct 2023
Bodog Casino,Player's account has been closed unexpectedly.,$329,Below average,25 Oct 2023
SpinBetter Casino,Player's account closure request is ignored.,"€3,000",High,25 Oct 2023
StayCasino,Player's withdrawal was denied.,€300,High,25 Oct 2023
Slootz Casino,Player believes that their withdrawal has been delayed.,"3,016 kr",Fresh casino,25 Oct 2023
BC.Game Casino,Player has issues with multiple casino accounts.,100 INR,Above average,25 Oct 2023
Velobet Casino,Player’s withdrawal has been delayed.,€750,Below average,24 Oct 2023
Lemon Casino,Player’s account has been blocked due to alleged multiple accounts.,"6,000 zł",High,24 Oct 2023
1win Casino,Player is struggling to withdraw due to an issue with the verification code.,"$4,400 ARS",Above average,24 Oct 2023
MegaBet Casino,Player cannot access account in Megabet.,"1,003 R$",Below average,24 Oct 2023
Rox Casino,Player's account has been blocked.,"€3,480",High,24 Oct 2023
GoldenPark Casino PT,Player's deposit not credited to account.,€100,High,24 Oct 2023
Bet1000 Casino,Player’s withdrawal denied over possible duplicate account.,"50,000 руб",Fresh casino,24 Oct 2023
Sunrise Slots Casino,Player's winnings have been denied.,"$16,489",Below average,24 Oct 2023
CashiMashi Casino,Player’s winnings from free spins have been limited.,€100,High,24 Oct 2023
VooZaZa Casino,Player's withdrawal is significantly delayed.,Can$900,Below average,24 Oct 2023
BitStarz Casino,Player complains about bonus insurance scheme.,A$372,Very high,24 Oct 2023
4raBet Casino,Player believes that their withdrawal has been delayed.,€120,Above average,24 Oct 2023
Winz.io Casino,Player’s withdrawal has been delayed.,€350,High,24 Oct 2023
Wins Royal Casino,KYC procedure and withdrawal process delay at Wins Royal Casino.,"$2,312",Fresh casino,24 Oct 2023
Rocketpot Casino,Player’s winnings are stuck in bonus balance.,"$16,000",Very low,24 Oct 2023
MostBet Casino,Player’s account is blocked for Identification Verification,??,Very high,24 Oct 2023
Vulkan Vegas Casino,Player cannot withdraw funds from the account.,$75,Very high,24 Oct 2023
,Player is experiencing withdrawal issues.,"A$5,400",,24 Oct 2023
Royal Ace Casino,Player’s approved withdrawal has been delayed.,$100,Above average,24 Oct 2023
King Billy Casino (Malta),Player's experiencing deposit issues.,€200,Very high,24 Oct 2023
MostBet Casino,Player suspects funds were stolen from his account.,"1,610 zł",Very high,24 Oct 2023
OXI Casino,Player's struggling with self-exclusion in the casino.,??,High,24 Oct 2023
Casinoin,Player's winnings are incorrectly reduced due to a bonus dispute.,$700,High,24 Oct 2023
Hot.Bet Casino,Player believes that their withdrawal has been delayed.,"57,456 kr",Very low,24 Oct 2023
GoldenLion.bet Casino,Player's request for account closure has been ignored.,??,Very low,24 Oct 2023
Happy Hugo Casino,Player's bonus was confiscated.,Can$85,Low,24 Oct 2023
WinnerzOn Casino,Player claims that payment has been delayed.,"$1,000",Very low,24 Oct 2023
AdmiralBet Casino BA,Player finds game by Fazi provider unfair.,"5,500 KM",Very high,24 Oct 2023
ClubWorld Casinos,Casino refuses to close player's account.,??,Very high,24 Oct 2023
FoxyPlay Casino,Player's deposit is not acknowledged by casino.,"Can$1,000",Fresh casino,23 Oct 2023
RichPrize Casino,Player’s withdrawal has been delayed.,"$2,200",Above average,23 Oct 2023
21.Red Casino,Player claims that payment has been delayed.,"€1,000",Low,23 Oct 2023
GeniusWin Casino,Player experiences delayed payouts.,"€1,402",Below average,23 Oct 2023
QuickWin Casino,Player’s struggling to withdraw her winnings.,€500,Very high,23 Oct 2023
Treasure Spins Casino,Player’s withdrawal has been delayed.,$670,Very low,23 Oct 2023
Love Casino,Player encounters delay in withdrawal.,"£1,400",Low,23 Oct 2023
LuckyGreen Casino,Player claims that payment has been delayed.,A$450,Below average,23 Oct 2023
Lucky Nugget Casino,Player’s withdrawal was halted and account temporarily locked.,"Can$3,500",Above average,23 Oct 2023
MyEmpire Casino,Player's withdrawal is delayed due to payment method issue.,700 Kč,Above average,23 Oct 2023
Khelraja Casino,Player's deposit is delayed.,500 INR,Above average,23 Oct 2023
Haz Casino,User's account and winnings blocked after victory in tournament.,"€1,000",Below average,22 Oct 2023
McBookie Casino,Player claims irresponsible gambling enforcement.,"£3,000",Below average,22 Oct 2023
Goldenbet Casino,Player with self-exclusion allowed to open new account.,"€1,500",Above average,22 Oct 2023
Slots of Vegas Casino,Player’s withdrawal has been delayed.,"$1,900",Above average,22 Oct 2023
Bet1000 Casino,Player’s withdrawal is significantly delayed.,"45,000 kr",Fresh casino,22 Oct 2023
Betonic Casino,Withdrawal of player's winnings has been delayed.,"€3,000",Very low,22 Oct 2023
Cashwin Casino,Player's verification is being repeatedly rejected.,"€1,000",High,22 Oct 2023
Raging Bull Slots Casino,Withdrawal of player's winnings has been delayed.,"$2,260",Above average,22 Oct 2023
Crypto Loko Casino,Player’s winnings haven’t been received yet.,$500,Below average,22 Oct 2023
Kwiff Casino,Withdrawal of player's winnings has been delayed.,"£10,000",High,22 Oct 2023
Winbig21 Casino,Player's Bitcoin withdrawal is delayed.,$500,Low,22 Oct 2023
TrueFortune Casino,Player’s winnings declared as fun money.,A$100,Very low,22 Oct 2023
MyStake Casino,Self-excluded player was allowed to deposit.,£450,Above average,22 Oct 2023
Tsars Casino,Player's deposit not credited to account.,€75,High,22 Oct 2023
Cashwin Casino,Player's withdrawal requests are being cancelled.,"€1,400",High,22 Oct 2023
JackpotCity Casino,Player is concerned about excessive gambling losses.,"Can$3,000",Above average,21 Oct 2023
Verde Casino,Player's deposit has not been credited to her casino account.,€200,Low,21 Oct 2023
Suprabets Casino,Player’s withdrawal has been delayed.,$165,High,21 Oct 2023
1win Casino,Player's account has been blocked.,"4,300 R$",Above average,21 Oct 2023
Silver Oak Casino,Player's withdrawal request is delayed.,$600,Above average,21 Oct 2023
1xBet Casino,Player's account blocked due to having two accounts.,144 USDC,Below average,21 Oct 2023
Bizgo777 Casino,Player's withdrawal process has been frozen.,400 R$,Below average,21 Oct 2023
SpinBetter Casino,Player's winnings are missing from account.,"€2,750",High,21 Oct 2023
FoxyPlay Casino,Player’s request to close account ignored by casino.,"€5,000",Fresh casino,21 Oct 2023
1win Casino,Player claims that payment has been delayed.,"€2,000",Above average,21 Oct 2023
Slotpot Casino,Player's awaiting account verification.,"34,877 kr",Below average,21 Oct 2023
WinVegasPlus Casino,Player's account is closed.,£25,Very low,20 Oct 2023
1win Casino,Player’s withdrawal has been delayed.,"13,300 руб",Above average,20 Oct 2023
Slots Garden Casino,Player's withdrawal delayed despite fulfilling all requirements.,30 ₮,Below average,20 Oct 2023
MagicBet Casino,Player reports bonus earnings not credited.,260 лв,Fresh casino,20 Oct 2023
Rox Casino,Player accuses casino of deceptive bonus scheme.,"€19,999",High,20 Oct 2023
MyStake Casino,Player wants to deactivate activated bonus.,??,Above average,20 Oct 2023
test,Player's winnings are significantly delayed.,$600,Struggling casino,20 Oct 2023
1win Casino,Player's account has been blocked.,"500,000 CFA",Above average,20 Oct 2023
Dreams Casino,Player is experiencing difficulties with his verification.,$350,High,20 Oct 2023
Richard Casino,Withdrawal of player's winnings has been delayed.,A$600,High,20 Oct 2023
Global-Bet Casino,Player's withdrawal requests are being delayed.,550 ₮,Fresh casino,20 Oct 2023
MyStake Casino,Player's Deposit Not Reflected in Casino Account.,"$1,000 ARS",Above average,20 Oct 2023
Tusk Casino,Player's winnings not credited to their account.,€50,Below average,20 Oct 2023
1win Casino,Player’s winnings haven’t been received yet.,"$40,000 ARS",Above average,20 Oct 2023
BetToGoal Casino,Case of deactivated timeout and missing winnings.,"€1,599",Low,19 Oct 2023
AmunRa Casino,Player’s winnings haven’t been received yet.,€494,High,19 Oct 2023
Snatch Casino,Player denied promotional spins after registration.,40 R$,High,19 Oct 2023
BETWINNER Casino,Player is having difficulties with account verification.,"5,400 S/.",Below average,19 Oct 2023
Slothub Casino,Player’s withdrawal is delayed.,€300,Very low,19 Oct 2023
Snai Casino,Player's account has been closed.,€100,Below average,19 Oct 2023
Lucky Wilds Casino,Withdrawal of player's winnings has been delayed.,€665,Low,19 Oct 2023
ShinyWilds Casino,Player's struggling to withdraw his winnings.,€410,Below average,19 Oct 2023
Batery Casino,Player's deposit has not been credited to the account.,"1,050 INR",Fresh casino,19 Oct 2023
PokerStars Casino,Player's account has been locked after attempting withdrawal.,"$97,000",Above average,19 Oct 2023
1xBet Casino,Player's winnings have been confiscated and his account blocked.,"$68,000",Below average,19 Oct 2023
Wazamba Casino,Delayed withdrawal due to unresolved wagering requirement.,€150,Very high,19 Oct 2023
Parimatch Casino,Player struggling to close a casino account due to addiction.,??,Above average,19 Oct 2023
NetBet Casino,Player's account is banned with pending withdrawals.,900 R$,Above average,19 Oct 2023
Art Casino,Player contests unfair application of free spins policy.,"€2,699",Above average,19 Oct 2023
Lucky Legends Casino,Player believes that their withdrawal has been delayed.,$116,Below average,19 Oct 2023
BetPlays Casino,Player's withdrawal request denied due to alleged terms violations.,"€1,273",Low,19 Oct 2023
Boomerang.Bet Casino,Player criticizes casino's weak self-exclusion measures.,€440,Fresh casino,18 Oct 2023
Manga Casino,Player accuses casino of operating without KSA license.,€900,High,18 Oct 2023
Casino Days,Player's winnings have been confiscated.,"250,000 INR",Above average,18 Oct 2023
Sloto Cash Casino,Player's account is locked and winnings were confiscated.,"$3,700",Above average,18 Oct 2023
JackTop Casino,Casino blocked player's account after big loss.,"€8,600",Above average,18 Oct 2023
BigWins Casino,Player's withdrawal is delayed.,€400,Very low,18 Oct 2023
Spicy Jackpots Casino,Player's withdrawal is delayed.,€750,Very low,18 Oct 2023
Players555 Casino,Player’s withdrawal has been delayed.,"70,000 INR",Fresh casino,18 Oct 2023
Mega Dice Casino,Player’s winnings confiscated by the casino.,"$2,000",Fresh casino,18 Oct 2023
1win Casino,Player’s withdrawal has been delayed.,"$15,000 ARS",Above average,18 Oct 2023
Dbosses Casino,Player's winnings confiscated and account closed.,"€2,000",High,18 Oct 2023
One Casino ES,Player’s account closed due to PayPal payment issues.,??,High,18 Oct 2023
BlueFox Casino,Player's winnings were confiscated.,€625,Above average,18 Oct 2023
MyStake Casino,Player seeks reimbursement for deposits on second account.,"£1,500",Above average,18 Oct 2023
Crypto Loko Casino,Player's withdrawal request cancelled repeatedly.,$400,Below average,18 Oct 2023
Brango Casino,Player's winnings were confiscated.,$400,High,18 Oct 2023
Brango Casino,Player’s document verification is delayed.,Can$120,High,18 Oct 2023
Gama Casino,Player's withdrawal is constantly delayed due to technical issues.,??,High,18 Oct 2023
Yabby Casino,Player is experiencing delayed verification process.,$227,High,18 Oct 2023
Crocoslots Casino,Player's account unjustly flagged as duplicate.,??,Above average,18 Oct 2023
RickyCasino,Player experienced unauthorized transactions.,A$400,High,17 Oct 2023
BetiBet Casino,Player’s winnings haven’t been received yet.,"€5,000",High,17 Oct 2023
WestCasino,Player's KYC verification is being delayed.,"€2,300",High,17 Oct 2023
GGBet Casino,Player's account with winnings has been blocked.,"1,400 R$",Low,17 Oct 2023
Bitsler Casino,Player suspects the account has been hacked.,"65,000 INR",High,17 Oct 2023
Black Lotus Casino,"Player’s $12,000 winnings are being withheld by casino.","$1,289",Below average,17 Oct 2023
Betpanda Casino,BetPanda fails to close player’s account despite self-exclusion request.,$285,Fresh casino,17 Oct 2023
1win Casino,Withdrawal of player's winnings has been delayed.,"$6,900 ARS",Above average,17 Oct 2023
Pacific Spins Casino,Player's account verification is delayed.,$50,Below average,17 Oct 2023
Goldenbet Casino,Player's deposit not credited to account.,€200,Above average,17 Oct 2023
BetItAll Casino,Player with gambling addiction can visit casino despite self-exclusion.,"€1,000",High,17 Oct 2023
Golden Tiger Casino,Player experiences delayed response from casino.,"€10,000",High,17 Oct 2023
MobileCasino 888,Player’s deposit is delayed.,€25,Below average,17 Oct 2023
Olympusbet Casino,Player experiences betting discrepancy at Olympus Bet.,Can$200,Low,17 Oct 2023
RichPrize Casino,Player's withdrawal delayed over document review.,€600,Above average,17 Oct 2023
Pirateplay Casino,Player is experiencing difficulties with the refunds of his deposits.,€500,High,16 Oct 2023
Casitabi Casino,Player got accused of having multiple accounts.,"$3,800",Below average,16 Oct 2023
RichPrize Casino,"Player's account closed, winnings not paid.","€2,030",Above average,16 Oct 2023
Vave Casino,Player's winnings have been confiscated.,€600,Low,16 Oct 2023
,Player's deposited funds not showing in Casino Wallet.,€600,,16 Oct 2023
Syndicate Casino,Player dissatisfied with the casino's withdrawal policy.,150 CHF,Below average,16 Oct 2023
N1 Casino,"Player’s account limit failed, additional deposits made.",€900,High,16 Oct 2023
Polestar Casino,Player allowed to gamble after self-exclusion.,"€12,000",Above average,16 Oct 2023
Slots & Luck Casino,Player struggles with withdrawal due to prepaid phone service.,$896,Fresh casino,16 Oct 2023
Silver Oak Casino,Player's winnings have been confiscated.,$790,Above average,16 Oct 2023
A Big Candy Casino,Player's $100 winnings are delayed.,$100,Low,16 Oct 2023
Sunrise Slots Casino,Player can't access his casino account.,$250,Below average,16 Oct 2023
Bet365 Casino GR,Player's New Account Has Been Closed.,??,Above average,16 Oct 2023
Bet1000 Casino,Player's withdrawal denied due to multiple account claim.,"1,500 лв",Fresh casino,16 Oct 2023
CryptoBoss Casino,Player complains about sudden rule change.,"2,200,000 руб",Fresh casino,15 Oct 2023
Lucky Legends Casino,Player upset over withdrawal delay and poor customer service.,$180,Below average,15 Oct 2023
Crazy Luck Casino,Player’s withdrawal is delayed.,$271,Very low,15 Oct 2023
Lapilanders Casino,Player's withdrawals delayed due to verification issues.,"€18,904",Very low,15 Oct 2023
Sons Of Slots Casino,Player is allowed to gamble despite self-exclusion.,€160,Very low,15 Oct 2023
Nucleonbet Casino,Self-excluded player was allowed to gamble.,€619,Very low,15 Oct 2023
BonusBet Casino,Player with gambling addiction allowed to play.,€440,Very low,15 Oct 2023
Betstro Casino,Player with self-exclusion issue in LCS Ltd Casinos.,€172,Very low,15 Oct 2023
Mirax Casino,Player's BTC withdrawal not received.,"NZ$4,000",High,15 Oct 2023
BetNFlix Casino,Gambling addicted player managed to open account despite self-exclusion.,€507,Very low,15 Oct 2023
Vulkan Vegas Casino,Player claims that payment has been delayed.,500 INR,Very high,15 Oct 2023
CatCasino,Player’s self-exclusion request has not been honored.,€664,Very high,15 Oct 2023
Wild Jungle Casino,"I am unable to access jbanq of Wild Jungle Casino, and hence cannot make a withdrawal. Can this b...","$4,000",Very low,14 Oct 2023
Grandwin Casino,Player's winnings are being withheld in contradiction to the terms and conditions.,685 Kč,Fresh casino,14 Oct 2023
LuckyBlock Casino,Player's tournament winnings not awarded.,"$2,000",Very high,14 Oct 2023
Rollbit Casino,Player's withdrawal restricted.,$630,Above average,14 Oct 2023
Slot Madness Casino,Player's account has been blocked.,"$1,493",Below average,14 Oct 2023
22bet Casino,Player's additional deposit isn't being credited.,€35,Low,13 Oct 2023
Lapalingo Casino,Player disputes betting limit rule.,"5,000 R$",High,13 Oct 2023
iWild Casino DE,Player is struggling to change bank account details.,"€3,000",High,13 Oct 2023
Dream Palace Casino,Player’s account and withdrawal got blocked due to an alleged policy breach.,"£4,800",Below average,13 Oct 2023
Powbet Casino,Player is struggling with delayed Apple Pay withdrawal.,"€2,000",Very high,13 Oct 2023
Coinplay Casino,Deposit not credited into player's account.,€100,Fresh casino,13 Oct 2023
Slot Madness Casino,Player's winnings have been confiscated.,€100,Below average,13 Oct 2023
Ruby Slots Casino,Player's withdrawal is being rejected probably due to an incorrect birthdate on file.,"$1,400",Above average,13 Oct 2023
IceCasino,Player's account and withdrawal is blocked.,€33,Very high,13 Oct 2023
Velvet Spin Casino,Player's winnings were confiscated.,$140,Low,13 Oct 2023
Stelario Casino,Player’s withdrawal has been delayed.,€36,Above average,13 Oct 2023
GuruPlay Casino,Player's deposit is not credited.,$50,Low,13 Oct 2023
Casumo Casino,Player's deposit was not credited to her gaming account.,Can$188,High,12 Oct 2023
ClubRiches Casino,Player struggles with account verification.,"$125,000 ARS",High,12 Oct 2023
MrPacho Casino,Player's winnings disappeared from account.,€180,Above average,12 Oct 2023
WinDetta Casino,Player from Poland argues over closed account.,€563,High,12 Oct 2023
Smokace Casino,Player's account mistakenly identified as being from a restricted country and closed.,€914,High,12 Oct 2023
Heybets Casino,Player's withdrawal remains on hold.,£535,Fresh casino,12 Oct 2023
SpinCity Casino,Player's winnings heavily reduced.,"149,671 zł",Below average,12 Oct 2023
Betway Casino,Player's account locked following verification submission.,"€4,000",High,12 Oct 2023
GoBet Casino,Player's account is blocked,"31,650 R$",Fresh casino,11 Oct 2023
Kryptosino Casino,Player’s withdrawal has been delayed.,"€60,000",Below average,11 Oct 2023
Woopio Casino,Player’s deposit has not been credited by the casino.,$50,Low,11 Oct 2023
William Hill Casino,Player's deposit limit was exceeded and the account was closed.,"£2,100",High,11 Oct 2023
NineCasino,Player experiences withdrawal and account access issues.,€300,High,11 Oct 2023
WAGMI Casino,Player’s Promised Cashback Not Received.,$30,Fresh casino,11 Oct 2023
Sol Casino,Player’s deposits not credited to the account.,€240,High,11 Oct 2023
All Wins Casino,Player’s winnings haven’t been received yet.,€800,Very low,11 Oct 2023
WinMatch Casino,Player's withdrawal delayed due to extended verification.,"490,650 INR",Fresh casino,11 Oct 2023
LeoVegas Casino,Player's withdrawal is delayed.,"€15,120",High,11 Oct 2023
Stakes Casino,Player's winnings have been withheld.,"€25,000",Below average,10 Oct 2023
Yabby Casino,Player accuses casino of manipulating game performance.,"$6,000",High,10 Oct 2023
499Win Casino,Withdrawal of player's winnings has been delayed.,200 R$,Very low,10 Oct 2023
MilkyWay Casino,Player's winnings were confiscated due to accusations of multi-accounting.,€989,Fresh casino,10 Oct 2023
Betify Casino,Player's account and funds were confiscated after withdrawal request.,€212,High,10 Oct 2023
Sunrise Slots Casino,Player's withdrawal delayed after using casino's bonus.,$137,Below average,10 Oct 2023
BetBeast Casino,Player’s withdrawal funds are delayed at Betbeast.,"29,500 kr",Fresh casino,10 Oct 2023
Pacific Spins Casino,Player believes that their withdrawal has been delayed.,$400,Below average,09 Oct 2023
BurningBet Casino,Player's account has been mistakenly locked due to gambling addiction.,"€26,750",Above average,09 Oct 2023
Jungliwin Casino,Player seeks a refund due to self-exclusion issues.,"€1,270",High,09 Oct 2023
ExciteWin Casino,Player is questioning game's RTP.,"€16,000",High,09 Oct 2023
Love Casino,Player’s withdrawal has been extensively delayed.,€240,Low,09 Oct 2023
1xBet Casino,Player's withdrawal has not been received despite the casino's claim of completion.,"40,000 руб",Below average,09 Oct 2023
BetCoco Casino,Player encounters withdrawal issue with the casino.,€500,Above average,09 Oct 2023
Pacific Spins Casino,Player's winnings have been delayed.,$50,Below average,09 Oct 2023
IviBet Casino,Player's deposit is not credited.,€80,Low,09 Oct 2023
N1 Casino,Player experiences deposit issues.,€400,High,09 Oct 2023
Casino Purple,Player's account has been closed.,"£1,200",Very low,08 Oct 2023
Rajabets Casino,Player's account verification has been delayed.,"7,295 INR",Above average,08 Oct 2023
Lucky Hippo Casino,Player's payout request blocked by casino.,$500,Low,08 Oct 2023
Yukon Gold Casino,Player's deposit has been lost.,"1,781 INR",High,08 Oct 2023
Uptown Aces Casino,Player's withdrawal blocked after numerous verification attempts.,"$5,600",Below average,08 Oct 2023
Sol Casino,Player faces delayed withdrawal process.,"1,900 R$",High,08 Oct 2023
IZZI Casino,Player's deposit not credited to account.,Mex$600,High,08 Oct 2023
Mr Bet Casino,Player's account verification delayed due to currency discrepancy.,"$3,000",High,08 Oct 2023
24betting Casino,Player's deposit is not recognized by casino.,"5,000 INR",Below average,07 Oct 2023
Europa Casino,Player's account with large winnings threatened with closure.,"€170,000",Very high,07 Oct 2023
Pacific Spins Casino,Player's winnings are voided.,$50,Below average,07 Oct 2023
Sunrise Slots Casino,Player struggles with casino's bonus withdrawal rules.,$100,Below average,07 Oct 2023
Alienbet Casino,Player's deposit is missing.,200 R$,Above average,07 Oct 2023
BetMartini Casino,Player’s withdrawal is restricted.,"€4,000",Low,06 Oct 2023
Slots Garden Casino,Player's withdrawal is delayed.,$880,Below average,06 Oct 2023
LionSpin Casino,Player's withdrawal is delayed due to income source verification.,"€1,000",High,06 Oct 2023
Digits7 Casino,Player's withdrawal request has been delayed.,$144,Low,06 Oct 2023
VooZaZa Casino,Player's withdrawal is delayed.,$900,Below average,06 Oct 2023
Sunrise Slots Casino,Player's withdrawal delayed by payment processor.,$100,Below average,06 Oct 2023
Videoslots Casino,"Player's withdrawal request denied, free spins confiscated.","¥6,212",Very high,06 Oct 2023
Rajabets Casino,Player’s large withdrawal is delayed by verification process.,"60,000 INR",Above average,06 Oct 2023
VooZaZa Casino,Player’s withdrawal has been delayed.,€700,Below average,06 Oct 2023
RocketBets Casino,Player’s withdrawal is delayed due to technical issues.,"3,000 R$",Fresh casino,05 Oct 2023
Megapari Casino,Withdrawal of player's winnings has been delayed.,"€10,000",Below average,05 Oct 2023
Joo Casino,Player's account has been blocked.,$540,High,05 Oct 2023
PalmSlots Casino,Player’s withdrawal has been delayed.,"1,100 R$",Above average,05 Oct 2023
BC.Game Casino,Player's winnings confiscated after meeting wagering requirements.,"$3,428",Above average,05 Oct 2023
1win Casino,Player's account blocked due to alleged fraud.,445 S/.,Above average,05 Oct 2023
Gama Casino,Player argues about breached player protection guidelines.,€274,High,05 Oct 2023
Kahuna Casino,Player’s account has been closed over bonus abuse allegations.,"€15,690",Low,04 Oct 2023
Leon Casino,Player can't access account and fears loss of funds.,€510,Above average,04 Oct 2023
Daisy Slots Casino,Player's accidental deposit has not been refunded.,$5,High,04 Oct 2023
Silver Oak Casino,Player claims that payment has been delayed.,"$2,500",Above average,04 Oct 2023
test,Player’s withdrawal is delayed.,"$2,500",Struggling casino,04 Oct 2023
Kudos Casino,Player’s withdrawal delayed due to card verification issues.,$242,Below average,04 Oct 2023
Kartáč Casino,Concerns with promotional offers at the casino.,100 Kč,High,04 Oct 2023
Duelbits Casino,Player was disqualified from the tournament.,$800,Very high,04 Oct 2023
BC.Game Casino,Player claims that payment has been delayed.,"6,400 R$",Above average,04 Oct 2023
Rajabets Casino,Player believes that their withdrawal has been delayed.,"500,000 INR",Above average,04 Oct 2023
Mega Dice Casino,Player’s account was blocked.,"2,000 ₮",Fresh casino,04 Oct 2023
Big5Casino,Player’s withdrawal has been delayed.,"3,000 ₮",Below average,03 Oct 2023
Silver Oak Casino,Player's withdrawal has been delayed and transaction history erased.,$250,Above average,03 Oct 2023
PrimaPlay Casino,Player's withdrawal gets denied due to bonus restrictions.,€200,Below average,03 Oct 2023
SpinBetter Casino,Player's account has been blocked.,"200,000 ₦",High,03 Oct 2023
PlayWise365 Casino,Player disputes with the casino's withdrawal process.,"415,000 INR",Fresh casino,03 Oct 2023
1win Casino,Player's withdrawal request is delayed.,"1,359 INR",Above average,03 Oct 2023
Duelz Casino,Player's withdrawal is delayed.,£200,Below average,03 Oct 2023
Casinoin,Player’s winnings haven’t been received yet.,€900,High,03 Oct 2023
Slots Garden Casino,Player claims that payment has been delayed.,$100,Below average,02 Oct 2023
ZetCasino,Player is unable to access account to withdraw funds.,"Can$2,653",Very high,02 Oct 2023
7BitCasino,Player's winnings confiscated due to alleged multiple accounts.,"2,230 TRX",High,02 Oct 2023
iWild Casino,Player’s request for account closure and refund delayed.,$850,High,01 Oct 2023
Wazamba Casino,Player’s account has been closed due to a duplicate account claim.,€270,Very high,01 Oct 2023
Kas.casino,Casino prematurely removed player's cooling-off limit.,"$10,000",Fresh casino,30 Sep 2023
Casitsu Casino,Player’s account has been blocked due to alleged multiple accounts.,"€1,070",High,30 Sep 2023
Pacific Spins Casino,Player's winnings decreased due to 'excess playthrough dollars'.,$500,Below average,30 Sep 2023
BC.Game Casino,Withdrawal of player's winnings has been delayed.,"¥4,626",Above average,29 Sep 2023
X1Casino,Player's account closed during wagering process.,"€5,700",Above average,29 Sep 2023
Slot Madness Casino,Player's withdrawal request is delayed due to a claimed deposit discrepancy.,$940,Below average,29 Sep 2023
Cherry Jackpot Casino,Player's account locked after winning $50k.,"$50,415",Very high,29 Sep 2023
Casino Purple,Player struggles to recover deducted deposit.,£44,Very low,29 Sep 2023
Rolletto Casino,Player notices discrepancy in Bitcoin withdrawal amount.,€65,High,29 Sep 2023
Fairspin Casino,Player’s withdrawal rejected due to the undisclosed betting rules.,€947,Very high,28 Sep 2023
Betsomnia Casino,Player’s winnings reduced by the casino.,"€15,000",High,27 Sep 2023
GGBet Casino,Player’s withdrawal has been delayed.,$150,Low,27 Sep 2023
N1 Bet Casino,Player's deposit has not been credited to her account.,A$50,Above average,27 Sep 2023
BC.Game Casino,Player’s withdrawal blocked due to suspected system bug.,"$7,111",Above average,27 Sep 2023
Yebo Casino,Player's account closed without explanation.,R600,Below average,27 Sep 2023
BC.Game Casino,Player unable to access their account.,Ł10.2935,Above average,27 Sep 2023
1win Casino,Player's account has been blocked without explanation.,"1,000 INR",Above average,27 Sep 2023
22bet Casino,Player's deposit is not credited.,€3,Low,27 Sep 2023
Black Lotus Casino,Player’s winnings were improperly deducted.,"$1,237",Below average,26 Sep 2023
Videoslots Casino,Player in Japan can't access the casino.,"¥10,000",Very high,26 Sep 2023
Blaze Casino,Player's deposit is not reflected in the casino account.,Mex$200,Above average,26 Sep 2023
Bet24-7 Casino,Player's withdrawal and verification process is delayed.,"7,000 zł",Below average,26 Sep 2023
GGBet Casino,Account suspension and winnings confiscation over alleged multiple accounts.,"€1,850",Low,26 Sep 2023
Heybets Casino,Withdrawal of player's winnings has been delayed.,"4,000 ₮",Fresh casino,26 Sep 2023
CBet Casino,Player's withdrawal has been stalled by high wagering requirements.,"$88,000 ARS",Below average,25 Sep 2023
Craze Play Casino,"Player's winnings confiscated, account closed.","€9,300",High,25 Sep 2023
PokerStars Casino,Player is experiencing withdrawal issues.,"€1,100",Above average,25 Sep 2023
GGBet Casino,Player's winnings confiscated over alleged multiple accounts.,"€1,999",Low,24 Sep 2023
CBet Casino,Player's rollover requirement for withdrawal increased.,"$5,060 ARS",Below average,23 Sep 2023
SuperBoss Casino,Player's account was blocked after a big win.,"€12,000",Very high,23 Sep 2023
Casino Intense,Player struggles to lock his account.,??,Low,23 Sep 2023
31bet Casino,Player is unable to access his casino account.,"€1,100",Fresh casino,22 Sep 2023
7Slots Casino,Player's payout is delayed.,"$7,300,000 CLP",Above average,21 Sep 2023
GGBet Casino,Player’s corrected information led to account blockage.,"€1,900",Low,21 Sep 2023
Jumba Bet Casino,Player’s withdrawal and KYC applications being rejected.,"$1,000",Below average,21 Sep 2023
Verde Casino,Withdrawal of player's winnings has been delayed.,"€9,160",Low,20 Sep 2023
Pacific Spins Casino,Technical issues hampering player's withdrawal efforts.,$50,Below average,20 Sep 2023
Pin-Up Casino,Player’s account verification denied due to duplicate account.,"20,000 S/.",Above average,20 Sep 2023
Stakes Casino,Player's withdrawal has been delayed.,"€2,134",Below average,20 Sep 2023
Spitfire Casino,Player's not able to log into her account.,€60,Very low,19 Sep 2023
Yabby Casino,Player's winnings have been reduced.,$800,High,19 Sep 2023
Sunrise Slots Casino,Player's withdrawal is significantly delayed.,"$2,200",Below average,19 Sep 2023
Wazamba Casino,Player’s account has been closed unexpectedly.,"€10,500",Very high,19 Sep 2023
CashiMashi Casino,Player's withdrawal has been delayed.,"€4,000",High,19 Sep 2023
Palm.Casino,Player's account blocked after withdrawal attempt.,"£6,000",Very low,18 Sep 2023
Spinfinity Casino,Player’s account and winnings cancelled after withdrawal attempt.,$621,Very high,18 Sep 2023
LuckyVegas Casino,Player has delayed withdrawals from LuckyVegas.,$21,Above average,17 Sep 2023
Cashwin Casino,Player's withdrawals cancelled due to technical error.,"NZ$1,091",High,16 Sep 2023
Slots & Luck Casino,Player's winnings have been confiscated.,"$18,000",Fresh casino,16 Sep 2023
Mega Dice Casino,Player's account accused of fraud and blocked.,$900,Fresh casino,15 Sep 2023
1xBet Casino,Player believes that their withdrawal has been delayed.,€49.32,Below average,15 Sep 2023
Solisbet Casino,Player complains about inefective self-exclusion.,€80,Fresh casino,14 Sep 2023
Duelbits Casino,Player's balance disappeared.,751 USDC,Very high,14 Sep 2023
LetsLucky Casino,Player's loss limit issue.,"A$20,000",Above average,13 Sep 2023
Kineko Casino,Player is experiencing continued withdrawal delay.,"$152,150",High,12 Sep 2023
7Slots Casino,Player's withdrawal is delayed.,"$590,000 CLP",Above average,11 Sep 2023
LetsLucky Casino,Player's winnings have been confiscated.,"1,865,000 kr.",Above average,10 Sep 2023
Magic Red Casino,Player’s requesting all deposits to be refunded due to existing registration with Gamstop.,"£1,363",Very high,10 Sep 2023
Tusk Casino,Player’s winnings have been confiscated.,"Mex$193,660",Below average,10 Sep 2023
Mr. Green Casino,Player's loss limit ignored leading to a significant loss.,"€29,900",High,09 Sep 2023
Rabona Casino,Player's account closed amid withdrawal attempt.,"€3,000",Very high,09 Sep 2023
Heaps O Wins Casino,Player's withdrawal has been delayed.,"A$1,000",Above average,07 Sep 2023
Zoome Casino,Player faces issues with Neosurf voucher deposits.,A$100,High,06 Sep 2023
Plae8 Casino,Player's winnings have been confiscated.,"4,600 $",Below average,06 Sep 2023
Parimatch Casino,Player's deposit is stuck in bonus funds.,"20,000 TSh",Above average,05 Sep 2023
MyEmpire Casino,Player's winnings confiscated after prolonged account verification.,"€1,300",Above average,05 Sep 2023
Sultanbet Casino,Player can't withdraw money from Sultanbet.,€475,Above average,05 Sep 2023
Yoju Casino,Player's deposits are not reaching the casino account.,€30,High,31 Aug 2023
Roobet Casino,Player's winnings confiscated due to alleged cheating.,131.24 BTC,Above average,30 Aug 2023
Stake Casino,Player's withdrawal is delayed due to failed KYC.,4 BTC,Above average,29 Aug 2023
Kosmonaut Casino,Player's winnings have been reduced.,"A$5,500",High,29 Aug 2023
1win Casino,Player's account blocked after withdrawal attempt.,"$95,000 ARS",Above average,29 Aug 2023
1xBet Casino LAT,Player suffers loss due to casino’s negligence on Responsible Gambling.,"$470,000 CLP",Below average,28 Aug 2023
Vave Casino,Player's winnings were confiscated due to a new policy change.,"$15,000",Low,28 Aug 2023
Wazamba Casino,Player's bonus is blocked.,"€4,458",Very high,27 Aug 2023
BC.Game Casino,Player’s withdrawal has been delayed.,"43,498 INR",Above average,26 Aug 2023
Zodiac Casino,Player's winnings disappeared; account has been blocked.,"106,498 ₸",High,20 Aug 2023
North Casino,Player's deposits are not reaching the casino account.,"Can$1,000",Low,20 Aug 2023
PlayCroco Casino,Player in confusion over Croco Boost Playthrough conditions.,"Can$1,000",Above average,18 Aug 2023
Big5Casino,Player's withdrawal is delayed.,"€4,000",Below average,11 Aug 2023
GGBet Casino,Player's account locked after depositing and winning.,"$160,000 CLP",Low,08 Aug 2023
Fairspin Casino,Player’s account has been blocked over alleged technical exploitation.,"1,100 ₮",Very high,02 Aug 2023
1xBet Casino LAT,Player struggles with a withdrawal delay.,"$17,239",Below average,30 Jul 2023
PlayGrand Casino,Player’s winnings were confiscated and the account was closed.,£600,Very high,21 Jul 2023
Bet-nox Casino,Player's winnings have been confiscated.,€785,Low,14 Jul 2023
Mr Bet Casino,Player’s account was blocked.,"1,525,384 ₦",High,05 Jul 2023
Boomerang Casino,Player's winnings not credited to account.,"27,000 CHF",Above average,04 Jul 2023
Planetwin365 Casino IT,Player's withdrawal process is being delayed.,"€29,302",Very high,04 Jul 2023
Pin-Up Casino,Player struggles with account verification.,"20,947 R$",Above average,28 Jun 2023
Genting Casino,Player is struggling to complete account verification.,$37,High,19 Jun 2023
Planet 7 Casino,Player has been accused of opening multiple accounts.,"$63,000",Below average,10 Jun 2023
Cadoola Casino,The player's account got closed.,"€4,200",Very high,09 Jun 2023
Casitsu Casino,Player’s winnings were voided.,"$2,000",High,26 May 2023
Bonanza Game Casino,Player's winnings have been reduced.,"€1,300",Low,12 May 2023
UBERLucky Casino,The player’s account has been blocked.,"€2,300",Low,29 Apr 2023
Sportbet.one Casino,Player is requesting a refund of his deposits.,700 EOS,Below average,27 Apr 2023
CasinoFest,The player's account got blocked.,"€1,650",High,30 Mar 2023
UBERLucky Casino,Player's casino balance was confiscated.,"2,500 zł",Low,29 Mar 2023
Sunrise Slots Casino,Player's winnings have been confiscated.,"$1,300",Below average,07 Mar 2023
22bet Casino,Player's account has been blocked.,"12,000 Kč",Low,21 Feb 2023
22bet Casino,Player's not able to log in to his account.,"1,400 INR",Low,21 Jan 2023
22bet Casino,The player's requesting a refund.,"€3,000",Low,20 Jan 2023
ViperSpin Casino,Player’s withdrawals have been discontinued.,"A$280,000",High,17 Jan 2023
Cazimbo Casino,The player's account got closed.,€318,Below average,28 Nov 2022
22bet Casino,Player's winnings were capped.,"€8,162",Low,16 Nov 2022
MostBet Casino,The player's deposit was not credited.,"20,000 INR",Very high,09 Sep 2022
22bet Casino,The player's request to close his account was ignored.,"3,000 CHF",Low,11 Jul 2022
Casino Extreme,Player's winnings have been withheld.,"$1,309",High,03 Jul 2022
Slotimo Casino,Player succeeded in opening a new account after the old one has been closed due to gambling problem.,"€2,000",Below average,04 Jun 2022
22bet Casino,Player's struggling to pass the verification.,€230,Low,08 Apr 2022
22bet Casino,Player is struggling to pass the KYC.,"€1,060",Low,04 Apr 2022
22bet Casino,Player’s struggling to complete KYC verification.,"2,343 R$",Low,20 Mar 2022
22bet Casino,Player’s struggling to withdraw their winnings.,"$3,172 ARS",Low,16 Feb 2022
22bet Casino,Player's account has been blocked.,"€1,000",Low,07 Jan 2022
RichPrize Casino,Player complains that he didn’t win anything.,€112.9,Above average,26 Aug 2021
MostBet Casino,Player’s experiencing technical issues while playing live roulette.,€100,Very high,23 Mar 2020
