Entity,source,event,sport_category,count
Andy Murray,"['Express', 'Tennishead', 'Tennishead', 'Express', 'Express', 'Express', 'Tennishead', 'Tennishead', 'Express', 'Tennishead', 'Tennishead', 'Tennishead', 'Tennishead', 'Tennishead', 'Express']","['Australian Open ', 'ATP Tour ', 'US Open ', 'US Open ', 'US Open ', 'Wimbledon ', 'Wimbledon ', 'Olympic Tennis Tournament ', 'Olympic Tennis Tournament ', 'ATP Finals ', 'ATP Masters 1000 Series ', 'Shanghai Masters ', 'Paris Masters ', 'Paris Masters ', 'The Masters ']",Tennis,15
NASCAR,"['Beyond the Flag', 'Autoweek', 'EssentiallySports', 'EssentiallySports', 'San Francisco Chronicle', 'EssentiallySports', 'The Sportsrush', 'Rutland Herald', 'The Dominion Post', 'USA Today', 'Ifantasyrace.com', 'San Francisco Chronicle']","['NASCAR ', 'NASCAR ', 'NASCAR ', 'NASCAR ', 'NASCAR ', 'NASCAR ', 'NASCAR ', 'NASCAR ', 'NASCAR ', 'NASCAR ', 'NASCAR ', 'NASCAR ']",Motorsports,12
Carlos Alcaraz,"['Lob and Smash', 'TennisUpToDate.com', 'Lob and Smash', 'TennisUpToDate.com', 'Lob and Smash', 'TennisUpToDate.com', 'ATP Tour', 'Sky Sports', 'ATP Tour', 'Lob and Smash']","['Olympic Tennis Tournament ', 'ATP Finals ', 'Shanghai Masters ', 'Shanghai Masters ', 'Paris Masters ', 'Paris Masters ', 'Cincinnati Masters (Western & Southern Open) ', 'Cincinnati Masters (Western & Southern Open) ', 'Cincinnati Masters (Western & Southern Open) ', 'Summer Olympics ']",Tennis,10
Shakhtar Donetsk,"['Wimbledon Guardian', 'sportsmax.tv', 'CBS Sports', 'AS USA', 'Ahram Online', 'Ahram Online', 'Brisbane Times', 'NJ.com', 'CBS Sports']","['Wimbledon ', 'Madrid Open ', 'UEFA Europa League ', 'UEFA Champions League ', 'UEFA Champions League ', 'UEFA Champions League ', 'UEFA Champions League ', 'UEFA Euro ', 'La Liga ']",Tennis,9
Rafael Nadal,"['Express', 'Sportskeeda', 'Sportskeeda', 'Lob and Smash', 'Sportskeeda', 'Lob and Smash', 'Lob and Smash', 'Express', 'Lob and Smash']","['Australian Open ', 'French Open (Roland Garros) ', 'ATP Tour ', 'Olympic Tennis Tournament ', 'ATP Finals ', 'Shanghai Masters ', 'Paris Masters ', 'The Masters ', 'Summer Olympics ']",Tennis,9
Messi,"['AS USA', 'Eurosport COM', 'Eurosport COM', 'Eurosport COM', 'AS USA', 'Eurosport COM', 'Eurosport COM', 'Nerd Street Gamers']","['Miami Open ', 'MotoGP ', 'UEFA Europa League ', 'UEFA Champions League ', 'Copa Libertadores ', 'EPL ', 'Ligue 1 ', 'ESports ']",Tennis,8
Atletico Madrid,"['Sporting News', 'VAVEL.com', 'BBC', 'Eurosport COM', 'Sports Illustrated', 'SuperSport', 'Yahoo News UK', 'The Standard']","['Madrid Open ', 'Madrid Open ', 'Ryder Cup ', 'UEFA Champions League ', 'UEFA Champions League ', 'UEFA Champions League ', 'La Liga ', 'La Liga ']",Tennis,8
Glenn Maxwell,"['Wimbledon Guardian', 'The Times', 'ESPNcricinfo', 'Mint', 'The Hindu', 'ESPNcricinfo', 'Sportstar', 'ANI News']","['Wimbledon ', 'The Ashes ', 'ICC Cricket ', 'ICC Cricket ', 'ICC Cricket ', 'ICC Cricket ', 'ICC Cricket ', 'ICC Cricket ']",Tennis,8
Odds,"['Sports Illustrated', 'Covers', 'Football Italia', 'Football Italia', 'Football Italia', 'Football Italia']","['Miami Open ', 'EPL ', 'Serie A ', 'Serie A ', 'Serie A ', 'Serie A ']",Tennis,6
Bonna,"['The Daily Star', 'The Daily Star', 'The Daily Star', 'The Daily Star', 'The Daily Star', 'The Daily Star']","['US Open ', 'ATP Finals ', 'ATP Masters 1000 Series ', 'Shanghai Masters ', 'Paris Masters ', 'The Masters ']",Tennis,6
Billy Harris,"['BBC', 'BBC', 'The Times', 'Yahoo News Canada', 'Yahoo Sports', 'Sports Mole']","['Davis Cup ', 'Australian Open ', 'ATP Tour ', 'ATP Tour ', 'ATP Finals ', 'ATP Finals ']",Tennis,6
Rory McIlroy,"['NBC Sports', 'Golfmagic.com', 'The Mirror', 'talkSPORT', 'The Irish Sun', 'The Mirror']","['NBA ', 'The Masters ', 'Ryder Cup ', 'Ryder Cup ', 'Ryder Cup ', 'Thomas Cup ']",Basketball,6
LeBron James,"['BBC', 'Sports Illustrated', 'Yahoo Sports', 'talkSPORT', 'KABC-TV', 'TheStreet']","['NBA ', 'NBA ', 'NBA ', 'NBA ', 'Miami Open ', 'Miami Open ']",Basketball,6
Paula Badosa,"['Sportskeeda', 'Sportskeeda', 'Sportskeeda', 'TennisUpToDate.com', 'TennisUpToDate.com', 'ATP Tour']","['ATP Tour ', 'US Open ', 'ATP Finals ', 'WTA Finals ', 'Paris Masters ', 'Cincinnati Masters (Western & Southern Open) ']",Tennis,6
Gianluigi Donnarumma,"['Daily Mail', 'Eurosport COM', 'Eurosport COM', 'Eurosport COM', 'Eurosport COM']","['All England Championships ', 'UEFA Euro ', 'MotoGP ', 'UEFA Europa League ', 'UEFA Euro ']",Badminton,5
Doku,"['Premier League', 'ESPN', 'ESPN', 'ESPN', 'ESPN']","['EPL ', 'La Liga ', 'Bundesliga ', 'Serie A ', 'Ligue 1 ']",Soccer (Football),5
Panam Sports,"['The Sports Examiner', 'The Sports Examiner', 'The Sports Examiner', 'The Sports Examiner', 'The Sports Examiner']","['WTA Tour ', 'Olympic Tennis Tournament ', 'WTA Finals ', 'Thomas Cup ', 'Winter Olympics ']",Tennis,5
Man Utd,"['SportsLine', 'SportsLine', 'SportsLine', 'SportsLine', 'FootballTransfers']","['UEFA Euro ', 'UEFA Europa League ', 'UEFA Champions League ', 'UEFA Euro ', 'Serie A ']",Soccer (Football),5
John McEnroe,"['Intercollegiate Tennis Association', 'Intercollegiate Tennis Association', 'TennisUpToDate.com', 'TennisUpToDate.com', 'TennisUpToDate.com']","['WTA Tour ', 'ATP Tour ', 'ATP Finals ', 'Shanghai Masters ', 'Paris Masters ']",Tennis,5
Rams,"['Turf Show Times', 'The Guardian', 'Yahoo Sports', 'NBC 5 Dallas-Fort Worth', 'Rams Wire']","['Super Bowl ', 'NFL ', 'NFL ', 'NFL ', 'NFL ']",American Football,5
John Stones,"['Wimbledon Guardian', 'Sky Sports', 'Eurosport COM', 'Eurosport COM', 'beIN SPORTS']","['Wimbledon ', 'UEFA Euro ', 'MotoGP ', 'UEFA Europa League ', 'UEFA Champions League ']",Tennis,5
Ben Shelton,"['Stuff', 'New Zealand Herald', 'Stuff', 'Stuff', 'ESPN']","['Australian Open ', 'US Open ', 'ATP Masters 1000 Series ', 'Shanghai Masters ', 'Cincinnati Masters (Western & Southern Open) ']",Tennis,5
Craig Counsell,"['NBC Sports Chicago', 'Yahoo Sports', 'Bleacher Report', 'Sports Illustrated', 'MLB.com']","['Stanley Cup ', 'Stanley Cup ', 'MLB ', 'MLB ', 'MLB ']",Ice Hockey,5
Liz Smylie,"['The West Australian', 'The West Australian', 'The West Australian', 'The West Australian']","['Australian Open ', 'US Open ', 'Wimbledon ', 'Fed Cup ']",Tennis,4
Harry Kane,"['sportsmax.tv', 'beIN SPORTS', 'Sky Sports', 'Modern Ghana']","['All England Championships ', 'UEFA Champions League ', 'Bundesliga ', 'Bundesliga ']",Badminton,4
Serena Williams,"['Sportskeeda', 'TennisUpToDate.com', 'TennisUpToDate.com', 'Tennis World USA']","['Australian Open ', 'WTA Finals ', 'Paris Masters ', 'Paris Masters ']",Tennis,4
Jessica Pegula,"['CNN', 'Yahoo Canada Sports', 'EssentiallySports', 'The Cincinnati Enquirer']","['WTA Tour ', 'WTA Finals ', 'WTA Finals ', 'Cincinnati Masters (Western & Southern Open) ']",Tennis,4
Sinner,"['TennisUpToDate.com', 'TennisUpToDate.com', 'TennisUpToDate.com', 'TennisUpToDate.com']","['Australian Open ', 'US Open ', 'ATP Masters 1000 Series ', 'Paris Masters ']",Tennis,4
Trevor Hudgins,"['Eurohoops', 'Eurohoops', 'Hoops Hype', 'Eurohoops']","['UEFA Euro ', '24 Hours of Le Mans ', '24 Hours of Le Mans ', 'UEFA Euro ']",Soccer (Football),4
Homa safari,"['Golf.com', 'Golf.com', 'Golf.com', 'Golf.com']","['US Open ', 'The Masters ', 'Ryder Cup ', 'Thomas Cup ']",Tennis,4
Ryan Blaney,"['Yahoo Sports', 'Beyond the Flag', 'FOX Sports', 'WLS']","['NASCAR ', 'NASCAR ', 'NASCAR ', 'NASCAR ']",Motorsports,4
Andrey Rublev,"['Tennis Magazine', 'Tennis Magazine', 'Tennis Magazine', 'Tennis Magazine']","['ATP Tour ', 'ATP Finals ', 'ATP Masters 1000 Series ', 'Paris Masters ']",Tennis,4
Sergio Ramos,"['beIN SPORTS', 'Football.co.uk', 'BBC', 'beIN SPORTS']","['UEFA Europa League ', 'UEFA Europa League ', 'UEFA Champions League ', 'UEFA Champions League ']",Soccer (Football),4
Angelo Mathews,"['ESPN', 'The Independent', 'Fox Sports', 'GQ India']","['US Open ', 'The Ashes ', 'ICC Cricket ', 'IPL ']",Tennis,4
Girona,"['AS USA', 'AS USA', 'Tribal Football', 'Football.co.uk']","['UEFA Europa League ', 'UEFA Champions League ', 'La Liga ', 'La Liga ']",Soccer (Football),4
Mike Elias,"['MASNsports.com', 'CBS News', 'Citizentribune', 'LNP | LancasterOnline']","['MLB ', 'MLB ', 'MLB ', 'MLB ']",Baseball,4
Canadiens,"['WWSB', 'WWSB', 'WWSB', 'WWSB']","['NHL ', 'NHL ', 'NHL ', 'NHL ']",Ice Hockey,4
Tab,"['The Age', 'The Age', 'The Age', 'The Age']","['Davis Cup ', 'Australian Open ', 'NRL ', 'AFL ']",Tennis,4
Novak Djokovic,"['msnNOW', 'Tennis365', 'Tennishead', 'Forbes']","['Davis Cup ', 'Australian Open ', 'ATP Tour ', 'Cincinnati Masters (Western & Southern Open) ']",Tennis,4
Kane,"['ESPN', 'ESPN', 'ESPN', 'ESPN']","['La Liga ', 'Bundesliga ', 'Serie A ', 'Ligue 1 ']",Soccer (Football),4
Uncle Toni,"['Lob and Smash', 'Lob and Smash', 'Lob and Smash', 'Lob and Smash']","['Olympic Tennis Tournament ', 'Shanghai Masters ', 'Paris Masters ', 'Summer Olympics ']",Tennis,4
Steve Smith,"['Yahoo Sports', 'Yahoo Sports', 'Times Now', 'Yahoo Sports']","['Davis Cup ', 'NASCAR ', 'ICC Cricket ', 'ICC Cricket ']",Tennis,4
Bill Belichick,"['CBS Sports', 'Yardbarker', 'New York Post', 'CBS Sports']","['Super Bowl ', 'Super Bowl ', 'Super Bowl ', 'NFL ']",American Football,4
Ravens,"['The Killeen Daily Herald', 'Yahoo Sports', 'Yahoo Sports', 'CBS Sports']","['Super Bowl ', 'Super Bowl ', 'NFL ', 'NFL ']",American Football,4
Roger Federer,"['Daily Mail', 'Sportskeeda', 'Sportskeeda', 'Daily Mail']","['Davis Cup ', 'ATP Tour ', 'ATP Finals ', 'Paris Masters ']",Tennis,4
Tiger Woods,"['Sports Illustrated', 'ABC News', 'Geo News', 'Fortune']","['The Masters ', 'The Masters ', 'The Masters ', 'Ryder Cup ']",Golf,4
ATP Sofia,"['Last Word On Sports', 'Last Word On Sports', 'tennisnet.com', 'Yardbarker']","['Australian Open ', 'French Open (Roland Garros) ', 'ATP Tour ', 'ATP Finals ']",Tennis,4
Jude Bellingham,"['Sunday World', 'sportsmax.tv', 'talkSPORT', 'Sportskeeda']","['Madrid Open ', 'Thomas Cup ', 'La Liga ', 'La Liga ']",Tennis,4
Lorenzo Musetti,"['Last Word On Sports', 'Last Word On Sports', 'Yardbarker', 'TennisUpToDate.com']","['Australian Open ', 'French Open (Roland Garros) ', 'ATP Finals ', 'Paris Masters ']",Tennis,4
Jack Draper,"['Last Word On Sports', 'Last Word On Sports', 'Sports Mole', 'Yardbarker']","['Australian Open ', 'French Open (Roland Garros) ', 'ATP Finals ', 'ATP Finals ']",Tennis,4
Brendon Hartley,"['Diariomotor', '1000 Cuori Rossoblu', '1000 Cuori Rossoblu']","['24 Hours of Le Mans ', '24 Hours of Le Mans ', 'Formula E ']",Motorsports,3
Nedbank Golf Challenge - Articles,"['DP World Tour', 'DP World Tour', 'DP World Tour']","['Madrid Open ', 'Ryder Cup ', 'Thomas Cup ']",Tennis,3
Coco Gauff,"['HOLA! USA', 'HOLA! USA', 'EssentiallySports']","['US Open ', 'WTA Finals ', 'WTA Finals ']",Tennis,3
Expert Picks,"['DP World Tour', 'DP World Tour', 'DP World Tour']","['Madrid Open ', 'Ryder Cup ', 'Thomas Cup ']",Tennis,3
Holger Rune Gets,"['EssentiallySports', 'EssentiallySports', 'EssentiallySports']","['ATP Tour ', 'ATP Finals ', 'Paris Masters ']",Tennis,3
Pepe,"['Daily Mail', 'Eurosport COM', 'Eurosport COM']","['UEFA Euro ', 'MotoGP ', 'UEFA Europa League ']",Soccer (Football),3
Justin Alston,"['Eurohoops', 'Eurohoops', 'Eurohoops']","['UEFA Euro ', '24 Hours of Le Mans ', 'UEFA Euro ']",Soccer (Football),3
Shakib,"['Business Recorder', 'ESPNcricinfo', 'The Daily Star']","['Fed Cup ', 'ICC Cricket ', 'ICC Cricket ']",Tennis,3
Jim Ratcliffe,"['The Mirror', 'The Mirror', 'The Sun']","['Dakar Rally ', 'UEFA Europa League ', 'Ligue 1 ']",Motorsports,3
Braga,"['sportsmax.tv', 'SportsLine', 'Sportstar']","['Thomas Cup ', 'UEFA Europa League ', 'UEFA Champions League ']",Badminton,3
Sports,"['Barre Montpelier Times Argus', 'Pennsylvania State University', 'Pennsylvania State University']","['Miami Open ', 'The Masters ', 'Kentucky Derby ']",Tennis,3
Chelsea,"['Football.London', 'Sky Sports', 'Goal.com']","['Thomas Cup ', 'EPL ', 'EPL ']",Badminton,3
Anthony Taylor,"['The Mirror', 'World Soccer Talk', 'Liverpool Echo']","['UEFA Europa League ', 'EPL ', 'EPL ']",Soccer (Football),3
Diego Simeone,"['Buenos Aires Herald', 'Buenos Aires Herald', 'Buenos Aires Herald']","['Thomas Cup ', 'UEFA Europa League ', 'Copa Libertadores ']",Badminton,3
Grace Hayden,"['Cricket Times', 'Cricket Times', 'Cricket Times']","['Thomas Cup ', 'ICC Cricket ', 'IPL ']",Badminton,3
Venus Williams,"['Tennis World USA', 'The Cincinnati Enquirer', 'Last Word On Sports']","['Paris Masters ', 'Cincinnati Masters (Western & Southern Open) ', 'Cincinnati Masters (Western & Southern Open) ']",Tennis,3
Jason Teh KL,"['The Independent', 'The Independent', 'The Independent']","['BWF World Championships ', 'Olympic Badminton ', 'Asian Games Badminton ']",Badminton,3
James Harden,"['NBA.com', 'Firstpost', 'KFGO']","['NBA ', 'NBA ', 'Miami Open ']",Basketball,3
Victor Wembanyama,"['Yahoo Sports', 'KXAN.com', 'TSN']","['NBA ', 'NBA ', 'NBA ']",Basketball,3
Thomas Tuchel,"['sportsmax.tv', 'Bayern Strikes', 'beIN SPORTS']","['All England Championships ', 'Thomas Cup ', 'UEFA Champions League ']",Badminton,3
Kieran Reilly,"['Wimbledon Guardian', 'Stadium Astro', 'sportsmax.tv']","['Wimbledon ', 'All England Championships ', 'Summer Olympics ']",Tennis,3
Roy Hodgson,"['Sports Brief', 'Sports Brief', 'Sports Brief']","['All England Championships ', 'UEFA Euro ', 'UEFA Euro ']",Badminton,3
Ageless Giroud,"['LiveScore', 'LiveScore', 'LiveScore']","['UEFA Euro ', 'UEFA Euro ', 'Serie A ']",Soccer (Football),3
Australia Smith,"['Arab News', 'Arab News', 'Arab News Pakistan']","['Fed Cup ', 'Madrid Open ', 'All England Championships ']",Tennis,3
Mark Zahra,"['Yahoo Sports', 'Yahoo Sports', 'Wide World of Sports']","['Davis Cup ', 'NASCAR ', 'NRL ']",Tennis,3
Brittney Griner,"['CNN', 'Houston Chronicle', 'The Arizona Republic']","['Summer Olympics ', 'Summer Olympics ', 'Summer Olympics ']",Olympics,3
Roberto Bautista Agut Wins Epic,"['ATP Tour', 'ATP Tour', 'ATP Tour']","['Australian Open ', 'ATP Tour ', 'US Open ']",Tennis,3
Man United,"['Yardbarker', 'World Soccer Talk', 'World Soccer Talk']","['EPL ', 'EPL ', 'Ligue 1 ']",Soccer (Football),3
Leeds United,"['Yahoo News UK', 'GIVEMESPORT', 'Football League World']","['EPL ', 'EPL ', 'La Liga ']",Soccer (Football),3
Aston Villa,"['Yahoo Eurosport UK', 'GIVEMESPORT', 'Yahoo News UK']","['Copa Libertadores ', 'UEFA Euro ', 'EPL ']",Soccer (Football),3
Ivan Ljubičić,"['Spark Chronicles', 'Spark Chronicles', 'Spark Chronicles']","['Davis Cup ', 'French Open (Roland Garros) ', 'Olympic Tennis Tournament ']",Tennis,3
Hotshot American,"['Stuff', 'Stuff', 'Stuff']","['Australian Open ', 'ATP Masters 1000 Series ', 'Shanghai Masters ']",Tennis,3
Bellingham,"['LondonWorld', 'ESPN', 'ESPN']","['UEFA Euro ', 'La Liga ', 'Bundesliga ']",Soccer (Football),3
Girona - ESPN,"['ESPN', 'ESPN', 'ESPN']","['La Liga ', 'Bundesliga ', 'Ligue 1 ']",Soccer (Football),3
Williams,"['EssentiallySports', 'The Cincinnati Enquirer', 'Williams Racing']","['WTA Tour ', 'Cincinnati Masters (Western & Southern Open) ', 'ESports ']",Tennis,3
Elena Rybakina,"['Khel Now', 'Khel Now', 'Tennis Magazine']","['Australian Open ', 'WTA Finals ', 'Cincinnati Masters (Western & Southern Open) ']",Tennis,3
Serie A,"['Sportskeeda', 'Liverpool Echo', 'Sportskeeda']","['La Liga ', 'Serie A ', 'Serie A ']",Soccer (Football),3
Iga Swiatek,"['Sportskeeda', 'AS USA', 'Yardbarker']","['French Open (Roland Garros) ', 'French Open (Roland Garros) ', 'WTA Finals ']",Tennis,3
Juan ...,"['Clay - Historias de tenis', 'Clay - Historias de tenis', 'Clay - Historias de tenis']","['French Open (Roland Garros) ', 'ATP Tour ', 'Miami Open ']",Tennis,3
Shohei Ohtani,"['CBS Sports', 'FOX Sports', 'USA TODAY']","['MLB ', 'MLB ', 'MLB ']",Baseball,3
Blake Snell,"['CBS Sports', 'RotoBaller']","['MLB ', 'MLB ']",Baseball,2
James Rowson,"['MLB Trade Rumors', 'The Athletic']","['MLB ', 'MLB ']",Baseball,2
Art Eckman,"['11Alive.com WXIA', 'Racer X Online']","['The Masters ', 'Indy 500 ']",Golf,2
Martha Vineyard News,"[""The Vineyard Gazette - Martha's Vineyard News"", ""The Vineyard Gazette - Martha's Vineyard News""]","['Cincinnati Masters (Western & Southern Open) ', 'Kentucky Derby ']",Tennis,2
JJ Wolf,"['The Cincinnati Enquirer', 'The Cincinnati Enquirer']","['Cincinnati Masters (Western & Southern Open) ', 'Cincinnati Masters (Western & Southern Open) ']",Tennis,2
Shohei,"['Chattanooga Times Free Press', 'Chattanooga Times Free Press']","['Super Bowl ', 'NFL ']",American Football,2
Stuart Broad,"['The Guardian', 'Wide World of Sports']","['The Ashes ', 'The Ashes ']",Cricket,2
Jiri Prochazka,"['CBS Sports', 'CBS Sports']","['The Masters ', 'Kentucky Derby ']",Golf,2
Alex Pereira,"['CBS Sports', 'CBS Sports']","['The Masters ', 'Kentucky Derby ']",Golf,2
Broncos,"['The Denver Post', 'The Athletic']","['Super Bowl ', 'AFL ']",American Football,2
Brian Cashman,"['sny.tv', 'ClutchPoints']","['The Ashes ', 'WRC ']",Cricket,2
Matthew Mott,"['Sky Sports', 'ESPNcricinfo']","['The Ashes ', 'ICC Cricket ']",Cricket,2
Babar Azam,"['ETV Bharat', 'India Today']","['The Ashes ', 'ICC Cricket ']",Cricket,2
Kotaku,"['The Verge', 'The Verge']","['The Ashes ', 'ESports ']",Cricket,2
WR Martavis Bryant,"['Yahoo Sports', 'Yardbarker']","['NFL ', 'CBA ']",American Football,2
Checked Bags,"['ksisradio.com', 'wobm.com']","['Summer Olympics ', 'Winter Olympics ']",Olympics,2
Matt Wolf,"['Filmmaker Magazine', 'Filmmaker Magazine']","['Summer Olympics ', 'Winter Olympics ']",Olympics,2
Everett Man Wins,"['newstalk870.am', 'newstalk870.am']","['Summer Olympics ', 'Winter Olympics ']",Olympics,2
Halston Media,"['TAPinto.net', 'TAPinto.net']","['Summer Olympics ', 'Winter Olympics ']",Olympics,2
Miami Dolphins,"['gulflive.com', 'Sky Sports']","['Super Bowl ', 'NFL ']",American Football,2
EPL,"['Daily Post Nigeria', 'Daily Post Nigeria']","['EPL ', 'EPL ']",Soccer (Football),2
midseason,"['FOX Sports', 'FOX Sports']","['Super Bowl ', 'NFL ']",American Football,2
Lamar Jackson,"['BaltimoreRavens.com', 'Pro Football Focus']","['Super Bowl ', 'NFL ']",American Football,2
Luton,"['ESPN', 'Empire of The Kop']","['Bundesliga ', 'Ligue 1 ']",Soccer (Football),2
Joelinton,"['The Telegraph', 'Goal.com']","['Fed Cup ', 'UEFA Champions League ']",Tennis,2
Klopp,"['TEAMtalk', 'TEAMtalk']","['Bundesliga ', 'Serie A ']",Soccer (Football),2
Serhou Guirassy Will Be,"['Forbes', 'Forbes']","['Bundesliga ', 'Ligue 1 ']",Soccer (Football),2
LaLiga,"['FC Barcelona Noticias', 'msnNOW']","['La Liga ', 'La Liga ']",Soccer (Football),2
Erik,"['Yahoo News UK', 'theScore']","['Madrid Open ', 'EPL ']",Tennis,2
Suffer Defeat,"['SNL24', 'SNL24']","['Madrid Open ', 'UEFA Champions League ']",Tennis,2
Soccer Laduma,"['SNL24', 'SNL24']","['Madrid Open ', 'UEFA Champions League ']",Tennis,2
Al-Nassr,"['Arab News', 'Arab News']","['Madrid Open ', 'UEFA Europa League ']",Tennis,2
Ange Postecoglou,"['sportsmax.tv', 'The Mirror']","['Madrid Open ', 'UEFA Europa League ']",Tennis,2
Jones,"['Sports Illustrated', 'Sports Illustrated']","['Miami Open ', 'Miami Open ']",Tennis,2
Vinicius Jr,"['Sports Brief', 'FC Barcelona Noticias']","['La Liga ', 'La Liga ']",Soccer (Football),2
Ron DeSantis,"['CBS Miami', 'KANW']","['Miami Open ', 'The Masters ']",Tennis,2
Daniel Sturridge,"['talkSPORT', 'Yahoo Sports']","['EPL ', 'Ligue 1 ']",Soccer (Football),2
Cass,"['pharostribune.com', 'Cleburne Times-Review']","['Miami Open ', 'Miami Open ']",Tennis,2
Maconaquah,"['pharostribune.com', 'Cleburne Times-Review']","['Miami Open ', 'Miami Open ']",Tennis,2
Grigor Dimitrov,"['TennisUpToDate.com', 'Tennis World USA']","['Paris Masters ', 'Paris Masters ']",Tennis,2
Stephen A. Smith,"['Athlon Sports', 'Sportskeeda']","['Super Bowl ', 'Super Bowl ']",American Football,2
Carson Wentz,"['KABC-TV', 'NBC 5 Dallas-Fort Worth']","['Super Bowl ', 'NFL ']",American Football,2
Evason Pregame,"['NHL.com', 'NHL.com']","['Stanley Cup ', 'NHL ']",Ice Hockey,2
Gary Neville,"['Sky Sports', 'msnNOW']","['EPL ', 'EPL ']",Soccer (Football),2
Terry Bradshaw,"['TribLIVE', 'CBS News']","['Super Bowl ', 'NFL ']",American Football,2
Marlins,"['MLB.com', 'MLB.com']","['MLB ', 'MLB ']",Baseball,2
Edmonton Oilers,"['Sportskeeda', 'Last Word On Sports']","['Stanley Cup ', 'NHL ']",Ice Hockey,2
Benfica,"['SportsLine', 'SportsLine']","['UEFA Europa League ', 'UEFA Champions League ']",Soccer (Football),2
Ovechkin,"['NHL.com', 'NHL.com']","['Stanley Cup ', 'NHL ']",Ice Hockey,2
Kalyan Chaubey,"['InsideSport', 'InsideSport']","['UEFA Euro ', 'UEFA Euro ']",Soccer (Football),2
St Kilda,"['Fox Sports', 'Zero Hanger']","['AFL ', 'AFL ']",Rugby,2
Sassari,"['Eurohoops', 'Eurohoops']","['UEFA Euro ', 'UEFA Euro ']",Soccer (Football),2
Emmanuel Egbo,"['Yardbarker', 'Yardbarker']","['UEFA Euro ', 'UEFA Euro ']",Soccer (Football),2
Anthony Gordon,"['LiveScore', 'LiveScore']","['UEFA Euro ', 'UEFA Euro ']",Soccer (Football),2
Kevin Nagle,"['Yorkshire Live', 'Yorkshire Live']","['Fed Cup ', 'Thomas Cup ']",Tennis,2
Tuchel,"['Sportstar', 'Sportstar']","['UEFA Champions League ', 'Bundesliga ']",Soccer (Football),2
Adrien Rabiot,"['The Hard Tackle', 'FootballTransfers']","['UEFA Europa League ', 'Serie A ']",Soccer (Football),2
Toulouse,"['Inside World Football', 'Inside World Football']","['UEFA Europa League ', 'Ligue 1 ']",Soccer (Football),2
Dazes Opponent,"['Sports Brief', 'Sports Brief']","['UEFA Europa League ', 'Ligue 1 ']",Soccer (Football),2
Jeremy Doku Brother,"['Sports Brief', 'Sports Brief']","['UEFA Europa League ', 'Ligue 1 ']",Soccer (Football),2
Cukaricki,"['Sportskeeda', 'Sportskeeda']","['UEFA Europa League ', 'Serie A ']",Soccer (Football),2
Livestream Man City,"['CNET', 'CNET']","['Formula E ', 'UEFA Europa League ']",Motorsports,2
Sole Bidder,"['Human Rights Watch', 'Human Rights Watch']","['FIFA ', 'Summer Olympics ']",Soccer (Football),2
Boniface,"['Daily Post Nigeria', 'Daily Post Nigeria']","['UEFA Europa League ', 'Bundesliga ']",Soccer (Football),2
Endrick,"['Stadium Astro', 'The Daily Star']","['FIFA ', 'Copa Libertadores ']",Soccer (Football),2
Jamie Carragher,"['talkSPORT', 'talkSPORT']","['FIFA ', 'EPL ']",Soccer (Football),2
Trophy,"['ESPNcricinfo', 'Sportstar']","['ICC Cricket ', 'ICC Cricket ']",Cricket,2
Ibrahim Zadran,"['ANI News', 'Sportstar']","['ICC Cricket ', 'ICC Cricket ']",Cricket,2
Bhavna,"['Cricket Times', 'Cricket Times']","['ICC Cricket ', 'IPL ']",Cricket,2
Osimhen,"['Daily Post Nigeria', 'Daily Post Nigeria']","['UEFA Europa League ', 'Serie A ']",Soccer (Football),2
Shafali Verma,"['News18', 'News18']","['ICC Cricket ', 'IPL ']",Cricket,2
Slavia Prague,"['Sportskeeda', 'Sportskeeda']","['UEFA Europa League ', 'Serie A ']",Soccer (Football),2
Brighton,"['Khel Now', 'Sport Witness']","['UEFA Europa League ', 'Copa Libertadores ']",Soccer (Football),2
Haifa,"['Sportskeeda', 'Sportskeeda']","['UEFA Europa League ', 'La Liga ']",Soccer (Football),2
Villarreal Prediction,"['Sportskeeda', 'Sportskeeda']","['UEFA Europa League ', 'La Liga ']",Soccer (Football),2
Oliver Kahn,"['InsideSport', 'InsideSport']","['UEFA Euro ', 'UEFA Euro ']",Soccer (Football),2
Roger Pearce,"['TVBEurope', 'TVBEurope']","['UEFA Euro ', 'UEFA Euro ']",Soccer (Football),2
Jamie,"['NHL.com', 'NHL.com']","['Stanley Cup ', 'NHL ']",Ice Hockey,2
Backa Topola,"['Sports Mole', 'Sports Mole']","['UEFA Euro ', 'UEFA Euro ']",Soccer (Football),2
Family Affair,"['TAPinto.net', 'TAPinto.net']","['Summer Olympics ', 'Winter Olympics ']",Olympics,2
Tottenham Hotspur,"['Soccernet.ng', 'Daily Mail']","['UEFA Europa League ', 'EPL ']",Soccer (Football),2
Justin Jefferson Surprises Vikings ,"['Vikings.com', 'Vikings.com']","['Summer Olympics ', 'NFL ']",Olympics,2
Chou Tien Chen,"['Insidethegames.biz', 'Insidethegames.biz']","['BWF World Championships ', 'Olympic Badminton ']",Badminton,2
Oleg Protopopov,"['The Washington Post', 'The Washington Post']","['Summer Olympics ', 'Winter Olympics ']",Olympics,2
Tasnim Mir,"['InsideSport', 'InsideSport']","['BWF World Championships ', 'BWF Super Series ']",Badminton,2
Manuel Neuer,"['Sportstar', 'Sportstar']","['Thomas Cup ', 'FIFA ']",Badminton,2
Timo Bernhard Porsche,"['Autosport', 'Autosport']","['Thomas Cup ', '24 Hours of Le Mans ']",Badminton,2
Steve Kerr,"['Union Democrat', 'Heavy.com']","['Summer Olympics ', 'Summer Olympics ']",Olympics,2
Jun,"['The Rafu Shimpo', 'The Rafu Shimpo']","['Summer Olympics ', 'Winter Olympics ']",Olympics,2
Mikel Arteta,"['Football.London', 'msnNOW']","['Thomas Cup ', 'UEFA Champions League ']",Badminton,2
Will Ireton,"['The Rafu Shimpo', 'The Rafu Shimpo']","['Summer Olympics ', 'Winter Olympics ']",Olympics,2
Sam Costelow,"['BBC', 'sportsmax.tv']","['Thomas Cup ', 'NRL ']",Badminton,2
Munster,"['Extra.ie', 'Extra.ie']","['Thomas Cup ', 'Uber Cup ']",Badminton,2
Grimsby Town,"['Grimsby Live', 'Grimsby Live']","['Thomas Cup ', 'Thomas Cup ']",Badminton,2
Leeds,"['Grimsby Live', 'Plymouth Live']","['Thomas Cup ', 'Summer Olympics ']",Badminton,2
"Jega, Rajamani","['Free Malaysia Today', 'Free Malaysia Today']","['Olympic Badminton ', 'Asian Games Badminton ']",Badminton,2
Paul van Meekeren,"['Daily Mail', 'Daily Mail']","['Uber Cup ', 'ICC Cricket ']",Badminton,2
Gadi Kinda,"['Sporting Kansas City', 'Sporting Kansas City']","['UEFA Euro ', 'UEFA Euro ']",Soccer (Football),2
Euro,"['Sporting Kansas City', 'Sporting Kansas City']","['UEFA Euro ', 'UEFA Euro ']",Soccer (Football),2
Hapoel Holon,"['Eurohoops', 'Eurohoops']","['UEFA Euro ', 'UEFA Euro ']",Soccer (Football),2
Virat Kohli,"['India Today', 'India Today']","['IPL ', 'IPL ']",Cricket,2
Rishabh Pant,"['India.com', 'InsideSport']","['IPL ', 'IPL ']",Cricket,2
Kamal Nath,"['Deccan Herald', 'Inshorts']","['IPL ', 'IPL ']",Cricket,2
Freiburg,"['Sports Mole', 'Sports Mole']","['UEFA Euro ', 'UEFA Euro ']",Soccer (Football),2
Bedard,"['The Athletic', 'NHL.com']","['Stanley Cup ', 'NHL ']",Ice Hockey,2
Al Khelaifi,"['The Peninsula', 'The Peninsula']","['UEFA Euro ', 'UEFA Euro ']",Soccer (Football),2
Vinolas,"['Last Word On Sports', 'Last Word On Sports']","['ATP Tour ', 'Paris Masters ']",Tennis,2
Austin Ninth,"['Department of Defense', 'Pacific Command']","['Australian Open ', 'US Open ']",Tennis,2
Donovan Mitchell,"['Liberty Ballers', 'WSAZ']","['NBA ', 'NBA ']",Basketball,2
Diego Maradona,"['Wimbledon Guardian', 'Beloit Daily News']","['Wimbledon ', 'Copa Libertadores ']",Tennis,2
Humbert Frena,"['ATP Tour', 'ATP Tour']","['ATP Tour ', 'ATP Masters 1000 Series ']",Tennis,2
Nicolas Jarry,"['Clay - Historias de tenis', 'Clay - Historias de tenis']","['ATP Tour ', 'ATP Masters 1000 Series ']",Tennis,2
Stan Wawrinka ,"['EssentiallySports', 'EssentiallySports']","['ATP Tour ', 'ATP Finals ']",Tennis,2
Luka Doncic,"['BasketNews.com', 'Inquirer.net']","['NBA ', 'NBA ']",Basketball,2
Wilton Manors,"['CBS News', 'CBS News']","['US Open ', 'Miami Open ']",Tennis,2
Wimbledon ...,"['Wimbledon Guardian', 'Wimbledon Guardian']","['Wimbledon ', 'Wimbledon ']",Tennis,2
Creek,"['Code', 'Code']","['Australian Open ', 'AFL ']",Tennis,2
Donna Vekic,"['Sportskeeda', 'Sportskeeda']","['WTA Tour ', 'Australian Open ']",Tennis,2
Stan Wawrinka,"['Last Word On Sports', 'Last Word On Sports']","['WTA Tour ', 'ATP Masters 1000 Series ']",Tennis,2
Bill,"['Wimbledon Guardian', 'Wimbledon Guardian']","['Wimbledon ', 'Wimbledon ']",Tennis,2
Tom Patsis,"['TheFabricator.com', 'TheFabricator.com']","['Davis Cup ', 'Indy 500 ']",Tennis,2
Nick Kyrgios,"['EssentiallySports', 'EssentiallySports']","['ATP Tour ', 'ATP Finals ']",Tennis,2
Wayne Weidemann,"['Code', 'Code']","['Australian Open ', 'AFL ']",Tennis,2
l'Italia,"['Olympics', 'Olympics']","['Davis Cup ', 'ATP Finals ']",Tennis,2
William,"['Wimbledon Guardian', 'Wimbledon Guardian']","['Wimbledon ', 'Wimbledon ']",Tennis,2
Martina Trevisan,"['Olympics', 'Olympics']","['Davis Cup ', 'ATP Finals ']",Tennis,2
ATP Sofia Day 3,"['Last Word On Sports', 'Last Word On Sports']","['ATP Tour ', 'Paris Masters ']",Tennis,2
Sinner Turin Intent: 'Be Brave At Every Moment,"['ATP Tour', 'ATP Tour']","['ATP Tour ', 'ATP Masters 1000 Series ']",Tennis,2
Dimitrov,"['Insidethegames.biz', 'Insidethegames.biz']","['Australian Open ', 'ATP Masters 1000 Series ']",Tennis,2
Luke Donald,"['Golfmagic.com', 'Golfmagic.com']","['Davis Cup ', 'Thomas Cup ']",Tennis,2
Humbert Defeats,"['ATP Tour', 'ATP Tour']","['ATP Tour ', 'ATP Finals ']",Tennis,2
Albert Ramos,"['Last Word On Sports', 'Last Word On Sports']","['ATP Tour ', 'Paris Masters ']",Tennis,2
Hamilton Tiger-Cats,"['3downnation.com', '3downnation.com']","['Davis Cup ', 'Thomas Cup ']",Tennis,2
Scott,"['The West Australian', 'FRANCE 24 English']","['Australian Open ', 'US Open ']",Tennis,2
Adam Scott,"['Wide World of Sports', 'Australian Golf Digest']","['Australian Open ', 'Australian Open ']",Tennis,2
Jason Davis,"['World Soccer Talk', 'World Soccer Talk']","['Davis Cup ', 'US Open ']",Tennis,2
Taylor Fritz,"['Media Referee', 'Media Referee']","['French Open (Roland Garros) ', 'Paris Masters ']",Tennis,2
Murray Reportedly ,"['Yardbarker', 'Yardbarker']","['Davis Cup ', 'Shanghai Masters ']",Tennis,2
Browns,"['TSN', 'TSN']","['Davis Cup ', 'NFL ']",Tennis,2
Kolkata Knight,['Times Now'],['IPL '],Cricket,1
Joshua Dobbs,['WGMD Radio'],['AFL '],Rugby,1
CALLUM STYLES,['barnsleyfc.co.uk'],['UEFA Euro '],Soccer (Football),1
Sean Payton,['The Athletic'],['AFL '],Rugby,1
Barcelona,['NJ.com'],['UEFA Euro '],Soccer (Football),1
Chris Chelios,['Barrett Sports Media'],['Davis Cup '],Tennis,1
Christian Eriksen,['The Independent'],['UEFA Euro '],Soccer (Football),1
Win Streak,['ESPN Sioux Falls'],['AFL '],Rugby,1
Hina Nagarajan,['DNA India'],['IPL '],Cricket,1
Snap Jets,['ESPN Sioux Falls'],['AFL '],Rugby,1
Mohun Bagan,['Khel Now'],['Fed Cup '],Tennis,1
Savers,['NTD'],['AFL '],Rugby,1
Adam Marcon,['Code'],['AFL '],Rugby,1
Konrad Hurrell,['Love Rugby League'],['NRL '],Rugby,1
Gareth Widdop,['Serious About Rugby League'],['NRL '],Rugby,1
Blake Austin,['Love Rugby League'],['NRL '],Rugby,1
Teddy,['The Roar'],['NRL '],Rugby,1
Harry Bowes,['Total rugby League'],['NRL '],Rugby,1
Greg Eden,['Yorkshire Live'],['NRL '],Rugby,1
Jordan Croft Western Bulldogs,['Fox Sports'],['AFL '],Rugby,1
Will McCabe Hawthorn,['Fox Sports'],['AFL '],Rugby,1
Ollie Murphy,['Fox Sports'],['AFL '],Rugby,1
Vic Metro,['Fox Sports'],['AFL '],Rugby,1
Andy Halliday,['Ibrox News'],['Davis Cup '],Tennis,1
Aberfeldie,['Code'],['AFL '],Rugby,1
Pick 1,['SEN'],['AFL '],Rugby,1
Downs,['SNL24'],['AFL '],Rugby,1
Winner,['InvestorsObserver'],['AFL '],Rugby,1
Lycett,['SEN'],['AFL '],Rugby,1
Nathan Buckley,['Daily Mail'],['AFL '],Rugby,1
Brodie Ryan,['Daily Mail'],['AFL '],Rugby,1
Clover Moore,['Sydney Morning Herald'],['AFL '],Rugby,1
Tom Hawkins,['Daily Mail'],['AFL '],Rugby,1
Syed Mushtaq Ali Trophy 2023,['Sportskeeda'],['IPL '],Cricket,1
Achieve,['AFL-CIO'],['AFL '],Rugby,1
Linton Oval Redevelopment Underway,['Golden Plains Shire Council'],['AFL '],Rugby,1
Raises Stakes,['Banker & Tradesman'],['AFL '],Rugby,1
Shane,['Sydney Morning Herald'],['AFL '],Rugby,1
Bangladesh Shakib Al Hasan,['FRANCE 24 English'],['IPL '],Cricket,1
Twitter,['SportsCafe'],['IPL '],Cricket,1
Aussie,['Australian Golf Digest'],['Australian Open '],Tennis,1
Plymouth Argyle,['Plymouth Live'],['Summer Olympics '],Olympics,1
Ben Waine,['Plymouth Live'],['Summer Olympics '],Olympics,1
Jennifer Hudson,['PEOPLE'],['Summer Olympics '],Olympics,1
Swim,['PEOPLE'],['Summer Olympics '],Olympics,1
Ryan,['PEOPLE'],['Summer Olympics '],Olympics,1
Stevenson,['BoxingScene.com'],['Summer Olympics '],Olympics,1
Alexi Lalas,['Daily Mail'],['Summer Olympics '],Olympics,1
Emma Hayes,['Daily Mail'],['Summer Olympics '],Olympics,1
Jake Watkiss - Watford,['Watford FC'],['Summer Olympics '],Olympics,1
Hails Landmark,['Voice of America - VOA News'],['Australian Open '],Tennis,1
Erriyon Knighton,['World Athletics'],['Summer Olympics '],Olympics,1
Diana Taurasi,['WRALSportsFan'],['Summer Olympics '],Olympics,1
Lucas Herbert,['Australian Golf Digest'],['Australian Open '],Tennis,1
Syed Mushtaq Ali Trophy,['CricTracker'],['IPL '],Cricket,1
Eugenie Bouchard,['Tennis365'],['Australian Open '],Tennis,1
Award,['Shaw Local News Network'],['Summer Olympics '],Olympics,1
Sandy Jacobs,['The Robesonian'],['Summer Olympics '],Olympics,1
Dateline Rice,['Rice News'],['Summer Olympics '],Olympics,1
Rice News,['Rice News'],['Summer Olympics '],Olympics,1
Tom ...,['Sports Video Group'],['Summer Olympics '],Olympics,1
Jordan Hancock,['Eleven Warriors'],['Summer Olympics '],Olympics,1
Nick Kyrgios Shed,['The Sportsrush'],['Australian Open '],Tennis,1
Shereen,['New Straits Times'],['Winter Olympics '],Olympics,1
Troy Ryan,['101.5 The Hawk'],['Winter Olympics '],Olympics,1
Jayne Torvill,['Jersey Evening Post'],['Winter Olympics '],Olympics,1
Christopher Dean,['Jersey Evening Post'],['Winter Olympics '],Olympics,1
Character Guide,['MovieWeb'],['Summer Olympics '],Olympics,1
Helen Quinn,['1380 KCIM'],['Summer Olympics '],Olympics,1
Simone Biles,['Ynetnews'],['Summer Olympics '],Olympics,1
Crown Prince Frederik,['HELLO!'],['Summer Olympics '],Olympics,1
Yuvraj Singh ,['Times Now'],['IPL '],Cricket,1
Raider Weekes,['The West Australian'],['NRL '],Rugby,1
WCMY Full news,['1430wcmy.com'],['Davis Cup '],Tennis,1
Online Betting Apps,['Countercurrents.org'],['IPL '],Cricket,1
Reliance Jio,['Business Today'],['IPL '],Cricket,1
Dilip Vengsarkar,['India Today'],['IPL '],Cricket,1
Mohammed Siraj,['BollywoodShaadis.com'],['IPL '],Cricket,1
Shubman Gill,['BollywoodShaadis.com'],['IPL '],Cricket,1
Shardul Thakur,['BollywoodShaadis.com'],['IPL '],Cricket,1
Sushmita Sen,['IndiaTimes'],['IPL '],Cricket,1
Rohman Shawl,['IndiaTimes'],['IPL '],Cricket,1
Grand Swiss,['Republic World'],['IPL '],Cricket,1
Kerala,['Coastal Digest'],['IPL '],Cricket,1
Syed Mushtaq,['ANI News'],['IPL '],Cricket,1
Without Hijab,['Free Press Journal'],['IPL '],Cricket,1
Al Hilal,['Al Arabiya English'],['IPL '],Cricket,1
Cool New Look Stuns,['Cricadium'],['IPL '],Cricket,1
Sunil Narine,['The SportsGrail'],['IPL '],Cricket,1
Robertson,['TSN'],['Davis Cup '],Tennis,1
Katerine Savard,['CBC.ca'],['Summer Olympics '],Olympics,1
Matty,['TSN'],['Davis Cup '],Tennis,1
Tyler Rorke,['Waterloo Region Record'],['Summer Olympics '],Olympics,1
Byrne,['Gov.ie'],['Summer Olympics '],Olympics,1
Pat Jennings,['Sports Mole'],['Davis Cup '],Tennis,1
Georgia Ellenwood,['Williams Lake Tribune'],['Summer Olympics '],Olympics,1
St Helens,['Love Rugby League'],['NRL '],Rugby,1
Nathan Brown,['Fox Sports'],['NRL '],Rugby,1
Wighton,['The West Australian'],['NRL '],Rugby,1
Qudrat Ka Nizam,['Editorji'],['ICC Cricket '],Cricket,1
Rashid Khan,['Outlook India'],['ICC Cricket '],Cricket,1
Allen Solly,['The Financial Express'],['ICC Cricket '],Cricket,1
Mein First,['Times Now'],['ICC Cricket '],Cricket,1
Liton,['The Daily Star'],['ICC Cricket '],Cricket,1
Ajay Jadeja Starts,['Times Now'],['ICC Cricket '],Cricket,1
Irfan Pathan,['Times Now'],['ICC Cricket '],Cricket,1
Adnan Sami,['Times Now'],['ICC Cricket '],Cricket,1
Sunil Shetty,['Times Now'],['ICC Cricket '],Cricket,1
Zampa,['Sportstar'],['ICC Cricket '],Cricket,1
Jab Babar Match-Winning Innings Khelega,['Times Now'],['ICC Cricket '],Cricket,1
Mohammad Amir Slams Fan For Asking ,['Times Now'],['ICC Cricket '],Cricket,1
Rohit Sharma India,['India Today'],['ICC Cricket '],Cricket,1
Rauf,['Deccan Herald'],['ICC Cricket '],Cricket,1
Pakistan Ramiz,['India Today'],['ICC Cricket '],Cricket,1
Glenn Maxwell Historic,['NDTV Sports'],['ICC Cricket '],Cricket,1
Jasprit Bumrah,['Organiser'],['ICC Cricket '],Cricket,1
Mohammad Kaif,['IndiaTimes'],['ICC Cricket '],Cricket,1
Mitchell Starc,['Fox Sports'],['ICC Cricket '],Cricket,1
Jos Buttler Vs Scott Edwards,['Zee News'],['ICC Cricket '],Cricket,1
Test Matches,['mid-day.com'],['ICC Cricket '],Cricket,1
ATP ace,['Tennishead'],['ATP Tour '],Tennis,1
Pushkar Sharma,['Nation'],['ICC Cricket '],Cricket,1
Mohammad Hafeez,['News18'],['ICC Cricket '],Cricket,1
Virat Kohli ,['News18'],['ICC Cricket '],Cricket,1
Angelo Mathews,['Outlook India'],['ICC Cricket '],Cricket,1
Bangladesh Vs Sri Lanka,['Outlook India'],['ICC Cricket '],Cricket,1
Glenn Maxwell Pulls,['Outlook India'],['ICC Cricket '],Cricket,1
Aus V Afg,['Sky Sports'],['ICC Cricket '],Cricket,1
Lesotho Notsi,['Soccernet.ng'],['FIFA '],Soccer (Football),1
Xero,['SportBusiness'],['FIFA '],Soccer (Football),1
Ronaldo,['Sports Brief'],['FIFA '],Soccer (Football),1
Ballon,['Sports Brief'],['FIFA '],Soccer (Football),1
Sunil Chhetri,['The Bridge'],['FIFA '],Soccer (Football),1
Billie Jean King,['EL PAÍS USA'],['US Open '],Tennis,1
Qualifier,['ProPakistani'],['FIFA '],Soccer (Football),1
Available,['ProPakistani'],['FIFA '],Soccer (Football),1
Powell,['ShareCast'],['US Open '],Tennis,1
Chhetri,['Sportstar'],['FIFA '],Soccer (Football),1
Jenni Hermoso,['Forbes'],['FIFA '],Soccer (Football),1
Luis Rubiales,['Forbes'],['FIFA '],Soccer (Football),1
Sindir FIFA,['detikSport'],['FIFA '],Soccer (Football),1
Christensen,['FC Barcelona Noticias'],['FIFA '],Soccer (Football),1
Pele,['Sports Brief'],['FIFA '],Soccer (Football),1
Maradona,['Sports Brief'],['FIFA '],Soccer (Football),1
Hermoso,['Khaleej Times'],['FIFA '],Soccer (Football),1
Makhenkesi Stofile,['TimesLIVE'],['FIFA '],Soccer (Football),1
Andre Ayew,['Ghanasoccernet.com'],['FIFA '],Soccer (Football),1
Mahia,['Nairobi News'],['FIFA '],Soccer (Football),1
Ambrose Rachier,['Nairobi News'],['FIFA '],Soccer (Football),1
Agyemang-Badu,['Pulse Ghana'],['FIFA '],Soccer (Football),1
Shakib Al Hasan,['Business Today'],['ICC Cricket '],Cricket,1
Michael Vaughan,['News18'],['ICC Cricket '],Cricket,1
Cummins,['ANI News'],['ICC Cricket '],Cricket,1
Mitchell,['National Indigenous Times'],['NRL '],Rugby,1
Inter Miami,['AS USA'],['Copa Libertadores '],Soccer (Football),1
Tuchel stung,['Sportstar'],['UEFA Champions League '],Soccer (Football),1
Eddie Howe,['TNT Sports'],['UEFA Champions League '],Soccer (Football),1
gorilla emoji,['beIN SPORTS'],['UEFA Champions League '],Soccer (Football),1
Joleon Lescott,['Eurosport COM'],['UEFA Champions League '],Soccer (Football),1
Jude,['Eurosport COM'],['UEFA Champions League '],Soccer (Football),1
Shakhtar,['Blueprint Newspapers Limited'],['UEFA Champions League '],Soccer (Football),1
Valentín Barco,['Breaking The Lines'],['Copa Libertadores '],Soccer (Football),1
Prem,['TEAMtalk'],['Copa Libertadores '],Soccer (Football),1
Boca Juniors,['China.org'],['Copa Libertadores '],Soccer (Football),1
Sam Lammers,['Ibrox News'],['Davis Cup '],Tennis,1
Enzo Pérez,['AS USA'],['Copa Libertadores '],Soccer (Football),1
Luis Díaz,['Liverpool.com'],['Copa Libertadores '],Soccer (Football),1
Zaka Ashraf Opens Up,['Times Now'],['ICC Cricket '],Cricket,1
Steidten Braziliant,['Hammers News - West Ham United FC'],['Copa Libertadores '],Soccer (Football),1
Molly McCann,['Liverpool Echo'],['Copa Libertadores '],Soccer (Football),1
Tom Eisenhuth,['Fox Sports'],['NRL '],Rugby,1
Matt Tomkins,['The Athletic'],['Winter Olympics '],Olympics,1
Cody Walker,['Fox Sports'],['NRL '],Rugby,1
Buderus,['NRL.COM'],['NRL '],Rugby,1
Kurt Mann,['Fox Sports'],['NRL '],Rugby,1
Tongan,['Zero Tackle'],['NRL '],Rugby,1
Chook Leniu,['NRL.COM'],['NRL '],Rugby,1
Undersea Warfare,['EIN News'],['NRL '],Rugby,1
"Broncos v Panthers - Round 2, 1988",['NRL.COM'],['NRL '],Rugby,1
Porto Pepe,['Sports Illustrated'],['UEFA Champions League '],Soccer (Football),1
Lewis Hall,['Goal.com'],['UEFA Champions League '],Soccer (Football),1
Alvaro Morata,['Eurosport COM'],['UEFA Champions League '],Soccer (Football),1
Newcastle United,['Eurosport COM'],['UEFA Champions League '],Soccer (Football),1
Sachin Tendulkar,['msnNOW'],['ICC Cricket '],Cricket,1
ATP Tour,['The Times'],['ATP Tour '],Tennis,1
Lalit Modi,['CricTracker'],['ICC Cricket '],Cricket,1
Leon Balogun,['Soccernet.ng'],['UEFA Europa League '],Soccer (Football),1
FC Qarabag,['News.Az'],['UEFA Europa League '],Soccer (Football),1
Khachanov Reaches Personal,['ATP Tour'],['ATP Tour '],Tennis,1
Molde Prediction,['Sportskeeda'],['UEFA Europa League '],Soccer (Football),1
Sparta Praha Prediction,['Sportskeeda'],['UEFA Europa League '],Soccer (Football),1
Nicolas Moreno De Alboran,['Tennis Tonic'],['ATP Tour '],Tennis,1
Jurij Rodionov,['Tennis Tonic'],['ATP Tour '],Tennis,1
Alonso,['theScore'],['UEFA Europa League '],Soccer (Football),1
Moussa Diaby,['Yahoo Eurosport UK'],['UEFA Europa League '],Soccer (Football),1
Aston Villa v,['Yahoo Eurosport UK'],['UEFA Europa League '],Soccer (Football),1
Maribel,['Sportskeeda'],['French Open (Roland Garros) '],Tennis,1
Jadon Sancho,['Yahoo Eurosport UK'],['UEFA Europa League '],Soccer (Football),1
Iga Swiatek Dominates,['Forbes'],['French Open (Roland Garros) '],Tennis,1
Servette,['Sports Mole'],['UEFA Europa League '],Soccer (Football),1
Sheriff Tiraspol - prediction,['Sports Mole'],['UEFA Europa League '],Soccer (Football),1
Scyne Advisory,['The Mandarin'],['Australian Open '],Tennis,1
Record-Breaking,['Hoodline'],['Australian Open '],Tennis,1
Aryna Sabalenka,['TennisUpToDate.com'],['Australian Open '],Tennis,1
Slovan Bratislava,['Sports Mole'],['UEFA Europa League '],Soccer (Football),1
Liam Manning,['Football League World'],['UEFA Europa League '],Soccer (Football),1
Molly Thompson-Smith,['Metro.co.uk'],['Winter Olympics '],Olympics,1
Kyler Murray,['Yahoo Sports'],['NFL '],American Football,1
Dave O'Sullivan,['The Southern Star'],['Winter Olympics '],Olympics,1
Borussia Dortmund - Football Match Preview,['ESPN'],['Bundesliga '],Soccer (Football),1
Tottenham Richarlison,['ESPN'],['Bundesliga '],Soccer (Football),1
Naomi,['Tennis Magazine'],['WTA Tour '],Tennis,1
Serena,['Tennis Magazine'],['WTA Tour '],Tennis,1
Omar Marmoush,['FootballTransfers'],['Bundesliga '],Soccer (Football),1
Striker Evolution,['VG247'],['Bundesliga '],Soccer (Football),1
Pomigliano,['Goal.com'],['Serie A '],Soccer (Football),1
Allegri Serie,['Football Italia'],['Serie A '],Soccer (Football),1
Serie A - Atalanta,['Sky Sports'],['Serie A '],Soccer (Football),1
Serie A - AC Milan,['Sky Sports'],['Serie A '],Soccer (Football),1
Lautaro Martinez,['Daily Mail'],['Serie A '],Soccer (Football),1
Gianluca,['Daily Mail'],['Serie A '],Soccer (Football),1
Fallen Liverpool,['TEAMtalk'],['Serie A '],Soccer (Football),1
Juventus,['Squawka'],['Serie A '],Soccer (Football),1
Monza,['Football Italia'],['Serie A '],Soccer (Football),1
Manu’s Grab Bag,['Black & White & Read All Over'],['Serie A '],Soccer (Football),1
Sassuolo,['Football Italia'],['Serie A '],Soccer (Football),1
Lecce,['Football Italia'],['Serie A '],Soccer (Football),1
Fiorentina,['Viola Nation'],['Serie A '],Soccer (Football),1
Mkhitaryan,['DailySports'],['Serie A '],Soccer (Football),1
Jovic,['Football Italia'],['Serie A '],Soccer (Football),1
Ibrahimovic,['Football Italia'],['Serie A '],Soccer (Football),1
Renan Ribeiro,['Middletown Press'],['Serie A '],Soccer (Football),1
Atletico Mineiro,['The Stats Zone'],['Serie A '],Soccer (Football),1
Rasmus Hojlund,['inews'],['Serie A '],Soccer (Football),1
Bahia,['The Stats Zone'],['Serie A '],Soccer (Football),1
Maria,['Tennis Magazine'],['WTA Tour '],Tennis,1
Kevin,['Goal.com'],['Bundesliga '],Soccer (Football),1
Destiny Udogie,['Football.co.uk'],['EPL '],Soccer (Football),1
Galatasaray,['Reuters'],['Bundesliga '],Soccer (Football),1
Martin O'Neill,['English Premier League Index - Opta Stats'],['EPL '],Soccer (Football),1
Bruno Fernandes,['Goal.com'],['EPL '],Soccer (Football),1
Dan Ashworth,['English Premier League Index - Opta Stats'],['EPL '],Soccer (Football),1
Knapper,['Training Ground Guru'],['EPL '],Soccer (Football),1
Knoxville Challenger,['Tennis Tonic'],['WTA Tour '],Tennis,1
Zinedine Zidane,['GIVEMESPORT'],['EPL '],Soccer (Football),1
Mohammed Kudus,['GhanaWeb'],['EPL '],Soccer (Football),1
David De Gea,['The Sportsman'],['EPL '],Soccer (Football),1
Alexander Cozbinov,['Tennis Tonic'],['WTA Tour '],Tennis,1
Aidan Mchugh,['Tennis Tonic'],['WTA Tour '],Tennis,1
Kylian Mbappe,['InsideSport'],['La Liga '],Soccer (Football),1
Kick,['FC Barcelona'],['La Liga '],Soccer (Football),1
Luis Palma,['Daily Record'],['La Liga '],Soccer (Football),1
Roger Federer Labeled,['Sportsmanor'],['WTA Tour '],Tennis,1
Barça,['FC Barcelona Noticias'],['La Liga '],Soccer (Football),1
Marcos Alonso,['FC Barcelona Noticias'],['La Liga '],Soccer (Football),1
Zidane,['Managing Madrid'],['La Liga '],Soccer (Football),1
Assane Diao,['FootballFanCast.com'],['La Liga '],Soccer (Football),1
Dmytro Chyhrynskyi,['The Athletic'],['La Liga '],Soccer (Football),1
Fekir,['Tribal Football'],['La Liga '],Soccer (Football),1
Araujo Barcelona,['Tribal Football'],['La Liga '],Soccer (Football),1
Xavi,['ESPN'],['La Liga '],Soccer (Football),1
Diego Alonso,['Football Espana'],['La Liga '],Soccer (Football),1
Inaki Williams Cheers,['Sports Brief'],['La Liga '],Soccer (Football),1
Robert Lewandowski,['Modern Ghana'],['Bundesliga '],Soccer (Football),1
Journo,['West Ham Zone'],['Serie A '],Soccer (Football),1
Judd Trump,['Eurosport COM'],['The International '],Esports,1
Stephen Maguire,['Eurosport COM'],['The International '],Esports,1
Ronnie O'Sullivan,['Eurosport COM'],['The International '],Esports,1
Toulouse FC: Live Stream,['For The Win'],['Ligue 1 '],Soccer (Football),1
Paul Mitchell,['United In Focus - Manchester United FC News'],['Ligue 1 '],Soccer (Football),1
Mancino’s OT,['NJ.com'],['CBA '],Other,1
Seton Hall Prep,['NJ.com'],['CBA '],Other,1
Completes Second Review,['International Monetary Fund'],['CBA '],Other,1
Axiad Joins,['PR Newswire'],['CBA '],Other,1
Fed Guidance,['Exchange Rates UK'],['CBA '],Other,1
RBA Hikes,['Forex Crunch'],['CBA '],Other,1
Jamal Murray,['Denver Sports'],['CBA '],Other,1
Sergio Aguero,['Marca English'],['ESports '],Esports,1
Co-Owns,['Decrypt'],['ESports '],Esports,1
Runner,['MySmartPrice'],['ESports '],Esports,1
FURIA Esports,['EGamersWorld'],['ESports '],Esports,1
Mavi,['Animation Xpress'],['ESports '],Esports,1
T1 - Worlds 2023 Semifinals Preview & Analysis,['Esports.net News'],['ESports '],Esports,1
Step Guide,['Esports.net News'],['ESports '],Esports,1
Legit,['Blockonomi'],['ESports '],Esports,1
Quickplay Release Date Revealed,['Esports News UK'],['ESports '],Esports,1
Arena,['Esports.net News'],['ESports '],Esports,1
Release Time,['AFK Gaming'],['ESports '],Esports,1
Geo,['Sportskeeda'],['ESports '],Esports,1
Entain,['iGaming Business'],['ESports '],Esports,1
Cloud9,['Dexerto'],['ESports '],Esports,1
Virtual Realms,['GameSpace.com'],['ESports '],Esports,1
Silver Wolf,['Sportskeeda'],['ESports '],Esports,1
Jean-Claude Blanc,['Khel Now'],['Ligue 1 '],Soccer (Football),1
Gennaro Gattuso,['The Sun'],['Ligue 1 '],Soccer (Football),1
Zimbabwean Midfielder,['Breaking The Lines'],['Ligue 1 '],Soccer (Football),1
Lung Cancer Long-term,['RSNA'],['The International '],Esports,1
von der,['European Commission'],['The International '],Esports,1
Vietnam Richest Person Bets,['Forbes'],['The International '],Esports,1
Anwar,['The Edge Malaysia'],['The International '],Esports,1
Ding Junhui - Pang,['Eurosport COM'],['The International '],Esports,1
Fitch Assigns,['Fitch Ratings'],['The International '],Esports,1
Barry Hawkins - Thepchaiya Un-Nooh,['Eurosport COM'],['The International '],Esports,1
Antony J. Blinken,['Department of State'],['The International '],Esports,1
Stephen Maguire - Ryan,['Eurosport COM'],['The International '],Esports,1
BRI,['The Star Online'],['The International '],Esports,1
Biden,['The Nation'],['The International '],Esports,1
Wang Yi,['Gov.ie'],['The International '],Esports,1
Devastating Casemiro,['Goal.com'],['The International '],Esports,1
Marshall Nyasha Munetsi,['Breaking The Lines'],['Ligue 1 '],Soccer (Football),1
Lisandro Martinez,['Goal.com'],['The International '],Esports,1
Explainer,['fDi Intelligence'],['The International '],Esports,1
Barbara Creecy,['South African Government'],['The International '],Esports,1
Ligue 1 - Lorient,['Sky Sports'],['Ligue 1 '],Soccer (Football),1
Ligue 1 - Marseille,['Sky Sports'],['Ligue 1 '],Soccer (Football),1
Lee Kang-in,['LFP'],['Ligue 1 '],Soccer (Football),1
Ligue 1,['Khel Now'],['Ligue 1 '],Soccer (Football),1
Ligue 1 Predictions,['WagerTalk Sports News'],['Ligue 1 '],Soccer (Football),1
Rafael Leao,['Daily Mail'],['Ligue 1 '],Soccer (Football),1
Eyes Lille,['PSG Talk'],['Ligue 1 '],Soccer (Football),1
Paris Saint-Germain: Live Stream,['Fubo News'],['Ligue 1 '],Soccer (Football),1
Luton Town: Live Stream,['Fubo News'],['EPL '],Soccer (Football),1
Cristian Romero,['Football.co.uk'],['EPL '],Soccer (Football),1
Humphries,['Santa Clarita Valley Signal'],['Winter Olympics '],Olympics,1
Josh Dobbs,['Sky Sports'],['NFL '],American Football,1
Cameron Smith,['South China Morning Post'],['Australian Open '],Tennis,1
Purcell,['Tennis Australia'],['Australian Open '],Tennis,1
Jordan Montgomery,['CBS Sports'],['MLB '],Baseball,1
Jonathan India,['CBS Sports'],['MLB '],Baseball,1
Cubs Re-Sign,['Sports Illustrated'],['MLB '],Baseball,1
Superstar Slugger,['Sports Illustrated'],['MLB '],Baseball,1
Jonathan India ,['Bleacher Report'],['MLB '],Baseball,1
Mark Kotsay,['MLB.com'],['MLB '],Baseball,1
Don Mattingly Among Brewers,['Bleacher Report'],['MLB '],Baseball,1
Ha-Seong Kim,['World Baseball Softball Confederation'],['MLB '],Baseball,1
Crawford,['NBC Sports Bay Area'],['MLB '],Baseball,1
Jacob Young,['WRUF'],['MLB '],Baseball,1
Corbin Carroll,['MLB.com'],['MLB '],Baseball,1
Zac Gallen,['MLB.com'],['MLB '],Baseball,1
Brenton Doyle,['Purple Row'],['MLB '],Baseball,1
Davey Martinez,['Sportskeeda'],['MLB '],Baseball,1
Michael Conforto,['MLB.com'],['MLB '],Baseball,1
Outfield Upgrades,['MLB Trade Rumors'],['MLB '],Baseball,1
Kike Hernandez,['ClutchPoints'],['MLB '],Baseball,1
David ...,['Rising Apple'],['MLB '],Baseball,1
Joey Krehbiel Elects Free Agency,['MLB Trade Rumors'],['MLB '],Baseball,1
Sean Sullivan Fastball Moves In Mysterious,['Baseball America'],['MLB '],Baseball,1
Spencer Strider,['Sports Illustrated'],['MLB '],Baseball,1
Chris,['livenationentertainment.com'],['MLB '],Baseball,1
Brian Knight,['406mtsports.com'],['MLB '],Baseball,1
Fantasy Football,['CBS Boston'],['NFL '],American Football,1
Connor Hughes,['sny.tv'],['NFL '],American Football,1
Phillips,['English Premier League Index - Opta Stats'],['EPL '],Soccer (Football),1
Deebo,['NBC Sports Bay Area'],['NFL '],American Football,1
Defeat Dolphins,['The Best Mix 105.5'],['NFL '],American Football,1
Summon Teenage,['Outlook India'],['FIFA '],Soccer (Football),1
Draft,['Yahoo Sports'],['NFL '],American Football,1
Comeback Win Over Falcons,['Vikings.com'],['NFL '],American Football,1
Aikman Showed,['Sports Illustrated'],['NFL '],American Football,1
ESPN Face MNF,['Front Office Sports'],['NFL '],American Football,1
Rookie QB,['ESPN'],['NFL '],American Football,1
Young,['ESPN'],['NFL '],American Football,1
Midseason All-Pro Team,['Pro Football Focus'],['NFL '],American Football,1
Levis,['The Guardian'],['NFL '],American Football,1
Magic Johnson,['Billboard'],['NFL '],American Football,1
Travis Kelce’s,['Billboard'],['NFL '],American Football,1
Pick,['Stadium Astro'],['NFL '],American Football,1
Antonio Pierce,['Sports Illustrated'],['NFL '],American Football,1
Jalen Hurts,['Eagles Wire'],['NFL '],American Football,1
Nick Wright,['Chiefs Wire'],['NFL '],American Football,1
Sam Howell,['CBS Sports'],['NFL '],American Football,1
Bears,['CBS Sports'],['NFL '],American Football,1
Tom Grossi,['WBAY'],['NFL '],American Football,1
Tolbert Scores,['Sun Belt Conference'],['NFL '],American Football,1
Draft Order,['Marca'],['NFL '],American Football,1
Bucs,['Marca'],['NFL '],American Football,1
A.J. Brown,['CBS Sports'],['NFL '],American Football,1
Justin Jefferson,['CBS Sports'],['NFL '],American Football,1
Blake Martinez,['The Athletic'],['NFL '],American Football,1
Mark Canha,['MLB.com'],['MLB '],Baseball,1
David Stearns,['CBS Sports'],['MLB '],Baseball,1
Borussia Dortmund,['Yahoo Sports'],['Davis Cup '],Tennis,1
Yoshinobu Yamamoto,['Yardbarker'],['MLB '],Baseball,1
Will Erik Karlsson,['WSAZ'],['NHL '],Ice Hockey,1
Will Filip,['WYMT'],['NHL '],Ice Hockey,1
Minnesota Wild,['NHL.com'],['NHL '],Ice Hockey,1
Auston Matthews Surges,['FanDuel Research'],['NHL '],Ice Hockey,1
England Tom Curry,['Express'],['Davis Cup '],Tennis,1
Will Luke Glendening,['WWSB'],['NHL '],Ice Hockey,1
Will Nikita Kucherov Score,['WWSB'],['NHL '],Ice Hockey,1
Evan NHL,['Colorado Hockey Now'],['NHL '],Ice Hockey,1
Tufte Attends Johnson,['Colorado Hockey Now'],['NHL '],Ice Hockey,1
Janis Moser Score,"[""Arizona's Family""]",['NHL '],Ice Hockey,1
Spencer Carbery,['Russian Machine Never Breaks'],['NHL '],Ice Hockey,1
Rasmus Sandin,['Russian Machine Never Breaks'],['NHL '],Ice Hockey,1
Will Ryan Johansen,['KWCH'],['NHL '],Ice Hockey,1
Tottenham 1-4 Chelsea - Craziest EPL Game Ever,['Stadium Astro'],['EPL '],Soccer (Football),1
Tottenham Versus,['Sports Brief'],['EPL '],Soccer (Football),1
Francia ...,['Olympics'],['Davis Cup '],Tennis,1
Heun,['Daily Mail'],['EPL '],Soccer (Football),1
Luton 1-1 Liverpool,['BBC'],['EPL '],Soccer (Football),1
Opta Top Five,['The Analyst'],['EPL '],Soccer (Football),1
Richarlison,['Sportstar'],['EPL '],Soccer (Football),1
Luton 1-1,['Daily Mail'],['EPL '],Soccer (Football),1
Andy Jones,['Brentford FC'],['EPL '],Soccer (Football),1
Rotherham,['SuperSport'],['EPL '],Soccer (Football),1
Nicolas,['Sports Brief'],['EPL '],Soccer (Football),1
Gerard Piqué Net Worth,['KahawaTungu'],['Davis Cup '],Tennis,1
Berkly Catton,['Daily Faceoff'],['NHL '],Ice Hockey,1
Alex Galchenyuk,['FOX 29 Philadelphia'],['NHL '],Ice Hockey,1
Avalanche Pregame,['Colorado Hockey Now'],['NHL '],Ice Hockey,1
Baton Rouge,['WAFB'],['NHL '],Ice Hockey,1
Bob Melvin,['NBC Sports Bay Area'],['MLB '],Baseball,1
John Lynch,['NBC Sports Bay Area'],['MLB '],Baseball,1
Spencer Torkelson,['MLB.com'],['MLB '],Baseball,1
Bruce Bochy Confirms Status,['Sports Illustrated'],['MLB '],Baseball,1
Melvin,['NBC Sports Bay Area'],['MLB '],Baseball,1
Teoscar Hernandez,['RotoBaller'],['MLB '],Baseball,1
Sonny Gray - MLB News,['RotoBaller'],['MLB '],Baseball,1
Tom Hamilton,['Akron Beacon Journal'],['MLB '],Baseball,1
Terry Francona,['Akron Beacon Journal'],['MLB '],Baseball,1
Matt Chapman,['RotoBaller'],['MLB '],Baseball,1
G Campbell,['TSN'],['NHL '],Ice Hockey,1
Canadiens Fetch NHL-Record,['Yahoo Sports'],['NHL '],Ice Hockey,1
Cons,['FloHockey'],['NHL '],Ice Hockey,1
Watch Sabres,['Sports Illustrated'],['NHL '],Ice Hockey,1
Beecher,['CBS News'],['NHL '],Ice Hockey,1
Montreal Canadiens,['Last Word On Sports'],['NHL '],Ice Hockey,1
Martin Pospisil,['Calgary Sun'],['NHL '],Ice Hockey,1
Dustin Wolf,['MyNHLTradeRumors.com'],['NHL '],Ice Hockey,1
Jonathan Huberdeau,['MyNHLTradeRumors.com'],['NHL '],Ice Hockey,1
Adam Johnson,['Marca'],['NHL '],Ice Hockey,1
Matt Savoie,['The Athletic'],['NHL '],Ice Hockey,1
Jiri Kulich,['The Athletic'],['NHL '],Ice Hockey,1
Pelham,['WIAT - CBS42.com'],['NHL '],Ice Hockey,1
Pros,['FloHockey'],['NHL '],Ice Hockey,1
Sensation Endrick Felipe,['Outlook India'],['FIFA '],Soccer (Football),1
Miami Marlins,['Just Baseball'],['WRC '],Motorsports,1
Andrés Cubas,['Vancouver Whitecaps FC'],['FIFA '],Soccer (Football),1
Chris Eubanks,['ESPN'],['Cincinnati Masters (Western & Southern Open) '],Tennis,1
Chet Holmgren,['Sports Illustrated'],['NBA '],Basketball,1
Parks,['WTA Tennis'],['Cincinnati Masters (Western & Southern Open) '],Tennis,1
Dusan Lajovic Beats Jannik Sinner,['ATP Tour'],['Cincinnati Masters (Western & Southern Open) '],Tennis,1
Taylor Fritz Wins,['ATP Tour'],['Cincinnati Masters (Western & Southern Open) '],Tennis,1
Alexander Zverev Earns,['ATP Tour'],['Cincinnati Masters (Western & Southern Open) '],Tennis,1
Daniil Medvedev,['ATP Tour'],['Cincinnati Masters (Western & Southern Open) '],Tennis,1
Bill Self,['Kansas Jayhawks'],['Cincinnati Masters (Western & Southern Open) '],Tennis,1
Jamie Murray &,['ATP Tour'],['Cincinnati Masters (Western & Southern Open) '],Tennis,1
Michael Venus Reach,['ATP Tour'],['Cincinnati Masters (Western & Southern Open) '],Tennis,1
Bruce Brown NBA Preview,['WYMT'],['NBA '],Basketball,1
Murray Mailbag,['Nevada Sports Net'],['Cincinnati Masters (Western & Southern Open) '],Tennis,1
J.J. Wolf Journey,['ATP Tour'],['Cincinnati Masters (Western & Southern Open) '],Tennis,1
Holger Rune Explains,['ATP Tour'],['Cincinnati Masters (Western & Southern Open) '],Tennis,1
Caroline Wozniacki ,['ATP Tour'],['Cincinnati Masters (Western & Southern Open) '],Tennis,1
Frazier,['Parkersburg News'],['Cincinnati Masters (Western & Southern Open) '],Tennis,1
Dan Evans,['The Independent'],['Cincinnati Masters (Western & Southern Open) '],Tennis,1
Terry Rozier,['NBA.com'],['NBA '],Basketball,1
Charlie,['Geo News'],['The Masters '],Golf,1
Awang Tengah,['Malay Mail'],['The Masters '],Golf,1
Kuching Smart City,['Malay Mail'],['The Masters '],Golf,1
Wayne State,['Wayne State University'],['The Masters '],Golf,1
Jun Hao,['New Straits Times'],['The Masters '],Golf,1
Tom Haberstroh,['Yahoo Sports'],['NBA '],Basketball,1
a Reflecting Mirror,['Morocco World News'],['The Masters '],Golf,1
Pauline Fisher,['Lawn Tennis Association'],['The Masters '],Golf,1
Swiatek,['Hindustan Times'],['Cincinnati Masters (Western & Southern Open) '],Tennis,1
Nate Mahon,['The Cincinnati Enquirer'],['Cincinnati Masters (Western & Southern Open) '],Tennis,1
Farooq Hassan Sheikh,['CBC.ca'],['The Masters '],Golf,1
Felix Auger-Aliassime,['ATP Tour'],['Cincinnati Masters (Western & Southern Open) '],Tennis,1
Kyle Kuzma,['NBC 29'],['NBA '],Basketball,1
RB Keaton,['The Killeen Daily Herald'],['Super Bowl '],American Football,1
John Harbaugh,['CBS Sports'],['Super Bowl '],American Football,1
Walker Kessler,['Deseret News'],['NBA '],Basketball,1
Cam Newton,['The Mirror'],['Super Bowl '],American Football,1
Karl-Anthony Towns,['Star Tribune'],['NBA '],Basketball,1
Midseason MVP,['BaltimoreRavens.com'],['Super Bowl '],American Football,1
Rob Vanstone,['riderville.com'],['Super Bowl '],American Football,1
Sam Ball,['14 News WFIE Evansville'],['Super Bowl '],American Football,1
Tom Brady,['Newsweek'],['Super Bowl '],American Football,1
Stephen Curry NBA Preview,['KCRG'],['NBA '],Basketball,1
Cowboys Replaced,['Sports Illustrated'],['Super Bowl '],American Football,1
Giannis Antetokounmpo,['WLUC'],['NBA '],Basketball,1
Von Miller,['The Denver Post'],['Super Bowl '],American Football,1
Colin Cowherd,['gulflive.com'],['Super Bowl '],American Football,1
Utah Jazz,['Xinhua'],['NBA '],Basketball,1
Daniel Jones,['CBS Sports'],['Super Bowl '],American Football,1
Travis Kelce,['Marca English'],['Super Bowl '],American Football,1
Jason,['Marca English'],['Super Bowl '],American Football,1
Aeneas Williams,['Alabama A&M Athletics'],['Super Bowl '],American Football,1
Devin McCourty,['GBH News'],['Super Bowl '],American Football,1
Landing Spots,['Bleacher Report'],['NBA '],Basketball,1
Davante Adams,['Yahoo Sports'],['Super Bowl '],American Football,1
Boy Killed,['PEOPLE'],['Cincinnati Masters (Western & Southern Open) '],Tennis,1
Boris Becker,['Sportskeeda'],['Cincinnati Masters (Western & Southern Open) '],Tennis,1
Taylor Swift Played Her Cards,['The Ringer'],['The Masters '],Golf,1
Shows Its Sleeker,['CarScoops'],['The Masters '],Golf,1
Mitch Docker,['Global Cycling Network'],['Tour de France '],Cycling,1
James Anderson,['ANI News'],['The Ashes '],Cricket,1
Zenith Watches Supports Women,['Worth'],['The Ashes '],Cricket,1
Walter’s Restaurant,['Claremont Courier'],['The Ashes '],Cricket,1
Mason Plumlee,['ESPN'],['NBA '],Basketball,1
Silent Spring,['Ocula Magazine'],['The Ashes '],Cricket,1
Sacked Over,['Advocate.com'],['The Ashes '],Cricket,1
Jos Buttler,['Sky Sports'],['The Ashes '],Cricket,1
Patisserie Valerie,['Wimbledon Guardian'],['Wimbledon '],Tennis,1
Zandon,['Horse Racing Nation'],['Kentucky Derby '],Horse Racing,1
Dalika,['Daily Racing Form'],['Kentucky Derby '],Horse Racing,1
Randy Moss,['Paulick Report'],['Kentucky Derby '],Horse Racing,1
Beshear,['The Derby Informer'],['Kentucky Derby '],Horse Racing,1
Dan Liebman,['The Pressbox'],['Kentucky Derby '],Horse Racing,1
Cody Dorman,['The Pressbox'],['Kentucky Derby '],Horse Racing,1
Will Levis QB1,['The Derby Informer'],['Kentucky Derby '],Horse Racing,1
Ryan Tannehill,['The Derby Informer'],['Kentucky Derby '],Horse Racing,1
LOKI Writer,['CBM (Comic Book Movie)'],['The Ashes '],Cricket,1
Rokeby Venus,['PINKVILLA'],['The Ashes '],Cricket,1
Bobby Brazier,['Wimbledon Guardian'],['Wimbledon '],Tennis,1
Carl Hopkinson,['Wimbledon Guardian'],['Wimbledon '],Tennis,1
Jon Snow,['Dexerto'],['The Ashes '],Cricket,1
Rozz,['The Tab'],['The Ashes '],Cricket,1
Biden AI,['Cointelegraph'],['The Ashes '],Cricket,1
Soars,['Best Stocks'],['The Ashes '],Cricket,1
George Pickens,['Behind The Steel Curtain'],['The Ashes '],Cricket,1
Sepp Kuss,['Global Cycling Network'],['Tour de France '],Cycling,1
Izzo,['Detroit News'],['The Ashes '],Cricket,1
Cameron Bancroft,['India Today'],['The Ashes '],Cricket,1
Roy Hill,['The Advocate Obituaries'],['The Masters '],Golf,1
Justin Langer,['India Today'],['The Ashes '],Cricket,1
King Gizzard,['The Georgia Straight'],['The Masters '],Golf,1
Owen Bates,['talkSPORT'],['The Masters '],Golf,1
Hochul,['WebWire'],['The Masters '],Golf,1
Mike Reiss Joins,['98.5 The Sports Hub'],['The Masters '],Golf,1
Mike Vrabel Good Fit for Pats,['98.5 The Sports Hub'],['The Masters '],Golf,1
Gordon Strachan,['Daily Record'],['The Masters '],Golf,1
Atletico,['Daily Record'],['The Masters '],Golf,1
Wemby,['Yahoo Sports'],['NBA '],Basketball,1
Miami Heat,['BBC'],['NBA '],Basketball,1
David Fincher Movie,['slantmagazine'],['The Masters '],Golf,1
Ranked,['slantmagazine'],['The Masters '],Golf,1
Pokemon Go,['CharlieINTEL.com'],['The Masters '],Golf,1
Nick Saban,['Sportskeeda'],['The Masters '],Golf,1
Kristen Saban,['Sportskeeda'],['The Masters '],Golf,1
Johnson,['UW-Madison'],['The Masters '],Golf,1
Amy Webb,['sxsw.com'],['The Masters '],Golf,1
Heartbroken,['Vancouver Sun'],['The Ashes '],Cricket,1
Ben Stokes,['WION'],['The Ashes '],Cricket,1
Steve Harmison,['WION'],['The Ashes '],Cricket,1
Bam Adebayo,['BBC'],['NBA '],Basketball,1
Battle,['Games Press'],['The Ashes '],Cricket,1
Veteran,['WSMV 4'],['The Ashes '],Cricket,1
Remnant 2,['The Escapist'],['The Ashes '],Cricket,1
Engulfed,['Burma News International'],['The Ashes '],Cricket,1
Vivian Silver,['The Washington Post'],['The Ashes '],Cricket,1
Manasse Itete Set,['Yahoo Sports'],['Super Bowl '],American Football,1
Patrick Mahomes,['Marca'],['Super Bowl '],American Football,1
Verdict,['Marca'],['Super Bowl '],American Football,1
Nic Kerdiles,['Radar Online'],['Olympic Tennis Tournament '],Tennis,1
Vinicius,['Managing Madrid'],['Madrid Open '],Tennis,1
Covid,['EL PAÍS USA'],['Madrid Open '],Tennis,1
Kidney Cancer Study Shows Improved,['OncLive'],['Madrid Open '],Tennis,1
Roy Curtis,['Sunday World'],['Madrid Open '],Tennis,1
Hunter,['The Canberra Times'],['Olympic Tennis Tournament '],Tennis,1
Overtakes Alcaraz,['Yardbarker'],['Olympic Tennis Tournament '],Tennis,1
Malik Beasley,['WLUC'],['NBA '],Basketball,1
Rod Stewart,['Glasgow Live'],['Madrid Open '],Tennis,1
Glasgow,['Glasgow Live'],['Madrid Open '],Tennis,1
Jump Shot,"[""Men's Journal""]",['NBA '],Basketball,1
Keldon Johnson,['KGNS'],['NBA '],Basketball,1
Draymond Green NBA Preview,['KOLN'],['NBA '],Basketball,1
Houston Rockets Launch,['Sports Illustrated'],['NBA '],Basketball,1
Kevon Looney NBA Preview,['KOLN'],['NBA '],Basketball,1
Adriano,['Sambafoot EN'],['Madrid Open '],Tennis,1
marijuana,['Dayton Daily News'],['Miami Open '],Tennis,1
Gordon Ramsay,['Yahoo! Voices'],['Miami Open '],Tennis,1
Anthony Edwards,['Firstpost'],['NBA '],Basketball,1
Wizard Nearing Return,['Sports Illustrated'],['NBA '],Basketball,1
Heat,['Miami Herald'],['Miami Open '],Tennis,1
Rachel Nichols,['Awful Announcing'],['NBA '],Basketball,1
Kim Reynold,['CBS Miami'],['Miami Open '],Tennis,1
wearing hajib,['CBS News'],['Miami Open '],Tennis,1
Paul George NBA Preview,['KOLN'],['NBA '],Basketball,1
Wooga Poplar’s,['The Miami Hurricane'],['Miami Open '],Tennis,1
Alvaro Benito,['Managing Madrid'],['Madrid Open '],Tennis,1
Constant Lestienne,['Last Word On Sports'],['WTA Finals '],Tennis,1
Taylor Swift,['FOX Sports'],['Super Bowl '],American Football,1
Karen Khachanov,['Last Word On Sports'],['WTA Finals '],Tennis,1
Bashundhara Kings,['Khel Now'],['Fed Cup '],Tennis,1
Rebecca Peterson,['SVT Nyheter'],['Fed Cup '],Tennis,1
Wants Ex Deborra-Lee Furness,['Radar Online'],['Olympic Tennis Tournament '],Tennis,1
Valiant Force,['geegeez'],['Fed Cup '],Tennis,1
Hungarian Beef ,['Emporia Gazette'],['Fed Cup '],Tennis,1
Stew,['Emporia Gazette'],['Fed Cup '],Tennis,1
Tom,['The Sun'],['Fed Cup '],Tennis,1
Sri Lanka,['Business Recorder'],['Fed Cup '],Tennis,1
Nuno Santos,['Arab News'],['Fed Cup '],Tennis,1
Verna Veterans,['Herald Goa'],['Fed Cup '],Tennis,1
Shakib Al Hasan - Sports,['Business Recorder'],['Fed Cup '],Tennis,1
Mykhailo Mudryk,['Football.London'],['Fed Cup '],Tennis,1
Joe,"['Eat This, Not That']",['Fed Cup '],Tennis,1
Mark Reason,['Stuff.co.nz'],['Fed Cup '],Tennis,1
Joe Just,"['Eat This, Not That']",['Fed Cup '],Tennis,1
Sagar,['The Hindu'],['Fed Cup '],Tennis,1
Michael Pascoe,['The New Daily'],['Fed Cup '],Tennis,1
Hugh Jackman,['Radar Online'],['Olympic Tennis Tournament '],Tennis,1
Van de Ven,['Football.London'],['Fed Cup '],Tennis,1
Son,['Football.London'],['Fed Cup '],Tennis,1
Jannik Sinner Thrills Fans With,['ATP Tour'],['ATP Finals '],Tennis,1
Nitto,['ATP Tour'],['ATP Finals '],Tennis,1
Bagel,['Yardbarker'],['WTA Finals '],Tennis,1
"Olympia"" - Serena",['Sportskeeda'],['WTA Finals '],Tennis,1
Lucas Pouille,['TennisUpToDate.com'],['WTA Finals '],Tennis,1
Mike McDaniel Media Availability,['MiamiDolphins'],['Miami Open '],Tennis,1
Tualatin Valley Water District,['Yahoo Finance'],['Miami Open '],Tennis,1
Damian Lillard,['Sports Illustrated'],['NBA '],Basketball,1
Irina Shayk,"[""Harper's BAZAAR""]",['NBA '],Basketball,1
Trevor Lawrence,['Bleacher Report'],['Super Bowl '],American Football,1
Joe Burrow,['Pro Football Focus'],['Super Bowl '],American Football,1
Caleb Williams,['Fox News'],['Super Bowl '],American Football,1
Rihanna,['Luxebook'],['Super Bowl '],American Football,1
Ike Taylor Recalls,['Steelers Depot'],['Super Bowl '],American Football,1
Steelers,['Packers.com'],['Super Bowl '],American Football,1
Art Hains,['KTTS'],['Super Bowl '],American Football,1
Record Decline,['EssentiallySports'],['Super Bowl '],American Football,1
Rob Parker,['Fox Sports Radio'],['Super Bowl '],American Football,1
Josh Allen,['Fox Sports Radio'],['Super Bowl '],American Football,1
Al ...,['Raiders.com'],['Super Bowl '],American Football,1
Cardi B Iconic,['Dailymotion'],['Super Bowl '],American Football,1
Cam Thomas,['Marca'],['NBA '],Basketball,1
Josh McDaniels,['Yahoo Sports'],['Super Bowl '],American Football,1
Dirk Nowitzki,['BasketNews.com'],['NBA '],Basketball,1
Matthew Stafford,['KABC-TV'],['Super Bowl '],American Football,1
Cleveland Browns,['Browns Wire'],['Super Bowl '],American Football,1
Latest Browns Betting Lines,['Browns Wire'],['Super Bowl '],American Football,1
Joey Bosa,['OCRegister'],['Super Bowl '],American Football,1
Khalil Mack,['OCRegister'],['Super Bowl '],American Football,1
Kirk Cousins,['talkSPORT'],['Super Bowl '],American Football,1
Vikings,['talkSPORT'],['Super Bowl '],American Football,1
Robert Kraft,['New York Post'],['Super Bowl '],American Football,1
Dak Prescott,['Sportskeeda'],['Super Bowl '],American Football,1
Nick Bosa,['CBS Sports'],['Super Bowl '],American Football,1
Exec,['Bleacher Report'],['Super Bowl '],American Football,1
Kenny Pickett,['Forbes'],['Super Bowl '],American Football,1
Classic Edition,['NBA.com'],['NBA '],Basketball,1
Henderson AL Rookie,['CBS News'],['Miami Open '],Tennis,1
Rookie Sensation,['Decrypt'],['NBA '],Basketball,1
Horner,['GPblog'],['Miami Open '],Tennis,1
Meek Mill Recalls,['Complex'],['Miami Open '],Tennis,1
Renting Rolls-Royce,['Complex'],['Miami Open '],Tennis,1
Rick Ross,['Complex'],['Miami Open '],Tennis,1
Jimmy Fortune,['Miami Valley Today'],['Miami Open '],Tennis,1
Remain Confident,['LakersNation.com'],['Miami Open '],Tennis,1
Natsu Omakase,['Orlando Weekly'],['Miami Open '],Tennis,1
Evan Ellingson,['Vulture'],['Miami Open '],Tennis,1
Bronny James,['KABC-TV'],['Miami Open '],Tennis,1
Jorge Masvidal,['talkSPORT'],['Miami Open '],Tennis,1
Brandon Hyde,['CBS News'],['Miami Open '],Tennis,1
Dominic Thiem,['EssentiallySports'],['Paris Masters '],Tennis,1
David Beckham,['Sportskeeda'],['Miami Open '],Tennis,1
Yung Miami Explains,['XXLMAG.COM'],['Miami Open '],Tennis,1
O1,['Pizza Marketplace'],['Miami Open '],Tennis,1
Thomas Bryant Explains,['UPROXX'],['Miami Open '],Tennis,1
Goolsbee,['NBC 6 South Florida'],['Miami Open '],Tennis,1
Luxury Softens,['BNN Bloomberg'],['Shanghai Masters '],Tennis,1
Kim Kardashian,['BNN Bloomberg'],['Shanghai Masters '],Tennis,1
Broadcaster,['Tennishead'],['Paris Masters '],Tennis,1
Charania Broke,['Sports Illustrated'],['NBA '],Basketball,1
ATP Moselle,['EssentiallySports'],['Paris Masters '],Tennis,1
Humbert,['EssentiallySports'],['Paris Masters '],Tennis,1
Victor Lafay ,['Cyclingnews'],['Tour de France '],Cycling,1
Claudio Chiappucci,['Global Cycling Network'],['Tour de France '],Cycling,1
Wydad AC,['Morocco World News'],['FIFA '],Soccer (Football),1
atp tour,['dienbien.gov.vn'],['ATP Tour '],Tennis,1
Garde,['Navajo-Hopi Observer'],['Asian Games Badminton '],Badminton,1
Kane Brown,['The Herald-Times'],['Indy 500 '],Motorsports,1
Richardson,['WRTV Indianapolis'],['Indy 500 '],Motorsports,1
JJ McCarthy Heisman,['IndyStar'],['Indy 500 '],Motorsports,1
Brie Larson,['Popverse'],['Indy 500 '],Motorsports,1
Charles,['Scottish Daily Express'],['Indy 500 '],Motorsports,1
Jenny Gilruth,['Scottish Daily Express'],['Indy 500 '],Motorsports,1
Lorna Slater,['Scottish Daily Express'],['Indy 500 '],Motorsports,1
Kenny Chesney,['CBS News'],['US Open '],Tennis,1
Cancer Therapy,['ProPublica'],['US Open '],Tennis,1
Taylor Gray Are Staying Put,['Autoweek'],['NASCAR '],Motorsports,1
Golden Grail Beverages,['Yahoo Finance'],['NASCAR '],Motorsports,1
William Byron,['EssentiallySports'],['NASCAR '],Motorsports,1
Historic Season,['EssentiallySports'],['NASCAR '],Motorsports,1
Denny Hamlin Urges,['The Sportsrush'],['NASCAR '],Motorsports,1
Truck Manufacturer,['San Francisco Chronicle'],['NASCAR '],Motorsports,1
Custer,['Rutland Herald'],['NASCAR '],Motorsports,1
Rhodes,['Rutland Herald'],['NASCAR '],Motorsports,1
Darris Summers,['The Dominion Post'],['NASCAR '],Motorsports,1
Stone,['The Dominion Post'],['NASCAR '],Motorsports,1
Frankie Muniz,['USA Today'],['NASCAR '],Motorsports,1
Emmy,['Sportskeeda'],['NASCAR '],Motorsports,1
Leo Jackson Dead,['Frontstretch.com'],['NASCAR '],Motorsports,1
Bubba Wallace Reflects,['The Sportsrush'],['NASCAR '],Motorsports,1
Ross Chastain,['EssentiallySports'],['NASCAR '],Motorsports,1
Phil Neville,['FOX Sports'],['UEFA Euro '],Soccer (Football),1
Rodionov,['tennisnet.com'],['ATP Tour '],Tennis,1
Dave Mathers,['Inside Track Motorsport News'],['NASCAR '],Motorsports,1
Porto,['Daily Mail'],['UEFA Euro '],Soccer (Football),1
Netanyahu,['The Guardian'],['US Open '],Tennis,1
Bloomberg,['Bloomberg'],['US Open '],Tennis,1
Preston,['Grimsby Live'],['Thomas Cup '],Badminton,1
David Healy,['Grimsby Live'],['Thomas Cup '],Badminton,1
Roy King-Arif,['The Star Online'],['Olympic Badminton '],Badminton,1
Zii Jia,['The Star Online'],['Olympic Badminton '],Badminton,1
Tze Yong,['The Star Online'],['Olympic Badminton '],Badminton,1
Preliminary Results,['Business Wire'],['US Open '],Tennis,1
Mike Rogers,['WDET'],['US Open '],Tennis,1
Fed Waller,"[""Investor's Business Daily""]",['Uber Cup '],Badminton,1
Rob Key,['The Guardian'],['Uber Cup '],Badminton,1
Newcastle United fan,['BBC'],['Uber Cup '],Badminton,1
E2,['Reuters'],['US Open '],Tennis,1
US Senate,['WDET'],['US Open '],Tennis,1
Storm Hunter,['Tennis Australia'],['WTA Tour '],Tennis,1
Peter Meijer,['WDET'],['US Open '],Tennis,1
Match Thread,['The Mane Land'],['US Open '],Tennis,1
BAS,['Bank Automation News'],['US Open '],Tennis,1
Bidyut Goswami,['Sportstar'],['US Open '],Tennis,1
Chicken Salad Chick,['Verdict Foodservice'],['US Open '],Tennis,1
Andy Staples,['Golfweek'],['US Open '],Tennis,1
Tournoi de Metz,['Tennis Majors'],['ATP Tour '],Tennis,1
Hamad Medjedovic - Christopher O'Connell,"[""L'Équipe""]",['ATP Tour '],Tennis,1
Jack Draper - Maximilian Marterer,"[""L'Équipe""]",['ATP Tour '],Tennis,1
Ofner,['tennisnet.com'],['ATP Tour '],Tennis,1
Brad Keselowski,['EssentiallySports'],['NASCAR '],Motorsports,1
Kyle Larson,['FloRacing'],['NASCAR '],Motorsports,1
Mark Cavendish,['Outside Magazine'],['Tour de France '],Cycling,1
Cem Ilkel - Max,['Eurosport COM'],['US Open '],Tennis,1
Martin Brundle,['Media Referee'],['24 Hours of Le Mans '],Motorsports,1
Marc Marquez,['GPOne.com'],['MotoGP '],Motorsports,1
Ryo,['Crash'],['MotoGP '],Motorsports,1
Corrado Cecchinelli,['MotoMatters.com'],['MotoGP '],Motorsports,1
Andrea Iannone,['Crash'],['MotoGP '],Motorsports,1
Alex Lowes,['Crash'],['MotoGP '],Motorsports,1
Evolution statt,['SPEEDWEEK.COM'],['MotoGP '],Motorsports,1
Dan Rossomondo,['SPEEDWEEK.COM'],['MotoGP '],Motorsports,1
Bautista,['motogp.com'],['MotoGP '],Motorsports,1
Michelin Introducing,['Motorcycle & Powersports News'],['MotoGP '],Motorsports,1
Porsche Wehrlein,['Formula E'],['Formula E '],Motorsports,1
Hamilton,['RaceFans'],['Formula E '],Motorsports,1
Carlos Alcaraz ,['Tennishead'],['US Open '],Tennis,1
Toddler,['Richmond Register'],['Formula E '],Motorsports,1
Rahal Letterman Lanigan,['RACER'],['Formula E '],Motorsports,1
Jenny Walker,['Warwick Valley Central School District'],['WRC '],Motorsports,1
Brasil,['Project N'],['WRC '],Motorsports,1
Goals,['FIFA.com'],['FIFA '],Soccer (Football),1
Charlie Neal,['Sports Illustrated'],['WRC '],Motorsports,1
Justin Turner,['bleachernation.com'],['WRC '],Motorsports,1
Austin Barnes,['True Blue LA'],['WRC '],Motorsports,1
Kilkenny,['Kilkenny Live'],['WRC '],Motorsports,1
Al Nahda,['Times of Oman'],['Fed Cup '],Tennis,1
Fatma Samoura,['FIFA.com'],['FIFA '],Soccer (Football),1
Judy Dixon,['GazetteNET'],['US Open '],Tennis,1
Wayne Taylor Racing,['Diariomotor'],['24 Hours of Le Mans '],Motorsports,1
Fettes Upgrade - Ténéré,['1000PS'],['Dakar Rally '],Motorsports,1
Brad Sweet,['FloRacing'],['NASCAR '],Motorsports,1
Porsche Vault,['msnNOW'],['Dakar Rally '],Motorsports,1
Zane Smith,['EssentiallySports'],['NASCAR '],Motorsports,1
Jim Campbell,['RACER'],['NASCAR '],Motorsports,1
Don,['Yahoo Sports'],['NASCAR '],Motorsports,1
Vladimiros Tziortzis,['Speedway Digest - Home for NASCAR News'],['NASCAR '],Motorsports,1
Break Down Stigmas,['Yahoo Finance'],['NASCAR '],Motorsports,1
Linee J. (Moniere) Claflin,['WWNY'],['NASCAR '],Motorsports,1
Dale Earnhardt Jr,['EssentiallySports'],['NASCAR '],Motorsports,1
Tina Marie Langtry,['WWNY'],['NASCAR '],Motorsports,1
Charles Leclerc,['Sportskeeda'],['NASCAR '],Motorsports,1
Pruett Lends,['SPEED SPORT'],['NASCAR '],Motorsports,1
Stewart Top Alcohol,['SPEED SPORT'],['NASCAR '],Motorsports,1
Justin Oplinger Wins,['Speedway Digest - Home for NASCAR News'],['NASCAR '],Motorsports,1
Allison,['Speedway Digest - Home for NASCAR News'],['NASCAR '],Motorsports,1
Tom Werner,['Yahoo Eurosport UK'],['NASCAR '],Motorsports,1
Keith Myers,['Yahoo Finance'],['NASCAR '],Motorsports,1
Rolex,['Yahoo Sports'],['24 Hours of Le Mans '],Motorsports,1
Wayne,['Yahoo Sports'],['24 Hours of Le Mans '],Motorsports,1
Fernando Alonso,['British GQ'],['24 Hours of Le Mans '],Motorsports,1
Lewis Hamilton,['British GQ'],['24 Hours of Le Mans '],Motorsports,1
Marijuana,['The Sportsrush'],['24 Hours of Le Mans '],Motorsports,1
Casa Magna,['halfwheel.com'],['24 Hours of Le Mans '],Motorsports,1
Gui Santos,['Hoops Hype'],['24 Hours of Le Mans '],Motorsports,1
Marie McInerney,['Tillamook Headlight-Herald'],['24 Hours of Le Mans '],Motorsports,1
Historic Car,['Automotive World'],['Dakar Rally '],Motorsports,1
Enfield Himalayan,['The Financial Express'],['Dakar Rally '],Motorsports,1
Tino Livramento,['Football.London'],['Thomas Cup '],Badminton,1
Lucas Hernandez,['Bayern Strikes'],['Thomas Cup '],Badminton,1
Hawks Beat Wimbledon,['Henley Herald'],['Wimbledon '],Tennis,1
St Andrews,['Wimbledon Guardian'],['Wimbledon '],Tennis,1
Tottenham Hotspur - Does,['The Spurs Web'],['All England Championships '],Badminton,1
Michelin,['road.cc'],['All England Championships '],Badminton,1
Nicolas Jackson,['sportsmax.tv'],['All England Championships '],Badminton,1
Marcus Rashford,['sportsmax.tv'],['All England Championships '],Badminton,1
Victor Lindelof,['sportsmax.tv'],['All England Championships '],Badminton,1
Jack Campbell,['ESPN'],['Stanley Cup '],Ice Hockey,1
Connor Bedard,['MassLive.com'],['Stanley Cup '],Ice Hockey,1
Blackhawks,['CNN'],['Stanley Cup '],Ice Hockey,1
Don Raleigh,['NHL.com'],['Stanley Cup '],Ice Hockey,1
Jack Eichel,['NHL.com'],['Stanley Cup '],Ice Hockey,1
Yahoo Fantasy Hockey,['Yahoo Sports'],['Stanley Cup '],Ice Hockey,1
Plus Patrick Kane,['The Athletic'],['Stanley Cup '],Ice Hockey,1
Keeler,['The Denver Post'],['Stanley Cup '],Ice Hockey,1
Cale Makar,['The Denver Post'],['Stanley Cup '],Ice Hockey,1
Mikko Rantanen,['The Denver Post'],['Stanley Cup '],Ice Hockey,1
Margaret Atwood,['Wimbledon Guardian'],['Wimbledon '],Tennis,1
Vegas,['WFMJ'],['Stanley Cup '],Ice Hockey,1
Vegas Golden,['NHL.com'],['Stanley Cup '],Ice Hockey,1
Klutch Vodka,['NHL.com'],['Stanley Cup '],Ice Hockey,1
Vegas Golden Knights' Direct,['Sports Video Group'],['Stanley Cup '],Ice Hockey,1
Jeff Carter,['The Hockey News'],['Stanley Cup '],Ice Hockey,1
Braverman,['Wimbledon Guardian'],['Wimbledon '],Tennis,1
Foster Hewitt Memorial Trophy,['NHL.com'],['Stanley Cup '],Ice Hockey,1
Dan Rusanowsky,['NHL.com'],['Stanley Cup '],Ice Hockey,1
Doncaster Rovers,['Accrington Stanley'],['Stanley Cup '],Ice Hockey,1
Kalvin Phillips,['The Spurs Web'],['All England Championships '],Badminton,1
Rudi Garcia,['sportsmax.tv'],['All England Championships '],Badminton,1
Paul Hurst,['Grimsby Live'],['Thomas Cup '],Badminton,1
Gunman,['Wimbledon Guardian'],['Wimbledon '],Tennis,1
Renshaw Joins,['Outside Magazine'],['Tour de France '],Cycling,1
WorldTour,['Rouleur'],['Tour de France '],Cycling,1
Ashleigh Moolman-Pasio,['Outside Magazine'],['Tour de France '],Cycling,1
Civic,['New Zealand Herald'],['Tour de France '],Cycling,1
Victor Lafay,['WielerFlits'],['Tour de France '],Cycling,1
AG2R Citroën,['WielerFlits'],['Tour de France '],Cycling,1
Pádraig Harrington,['Irish Independent'],['Ryder Cup '],Golf,1
Luke,['Irish Independent'],['Ryder Cup '],Golf,1
Mock Patrick,['EssentiallySports'],['Ryder Cup '],Golf,1
Anthony Joshua,['talkSPORT'],['Ryder Cup '],Golf,1
Adam Silver,['CBS Sports'],['Ryder Cup '],Golf,1
Mary Shelley-Smith,['VenuesNow'],['Ryder Cup '],Golf,1
Damien,['Killarney Today'],['Ryder Cup '],Golf,1
Jake Owen,['The First Call'],['Ryder Cup '],Golf,1
Winter,['The First Call'],['Ryder Cup '],Golf,1
DJ Khaled Looks Back,['Complex'],['Ryder Cup '],Golf,1
Forty Acres,['TexasSports.com'],['Ryder Cup '],Golf,1
Jeff Kiddie,['PGA.com'],['Ryder Cup '],Golf,1
Franco Chimenti,['Tennis World USA'],['Ryder Cup '],Golf,1
England Deaf Futsal,['Sky Sports'],['All England Championships '],Badminton,1
Maxwell,['ESPNcricinfo'],['All England Championships '],Badminton,1
Gary Lineker,['The Mirror'],['All England Championships '],Badminton,1
Jon Boutcher,['Wimbledon Guardian'],['Wimbledon '],Tennis,1
Tawa HS,['Volleyball Magazine'],['All England Championships '],Badminton,1
Ashling Murphy,['Wimbledon Guardian'],['Wimbledon '],Tennis,1
Connor McDavid,['Sportskeeda'],['Stanley Cup '],Ice Hockey,1
Jeremy Swayman,['Yahoo Sports'],['Stanley Cup '],Ice Hockey,1
Tesco Clubcard,['Wimbledon Guardian'],['Wimbledon '],Tennis,1
Joe Thornton,['Yardbarker'],['Stanley Cup '],Ice Hockey,1
Justin Thomas,['GolfDigest.com'],['Thomas Cup '],Badminton,1
safari,['GolfDigest.com'],['Thomas Cup '],Badminton,1
Jon Rahm,['GolfDigest.com'],['Thomas Cup '],Badminton,1
green jacket,['GolfDigest.com'],['Thomas Cup '],Badminton,1
Katie-George Dunlevy,['Cycling Ireland'],['Thomas Cup '],Badminton,1
Linda Kelly,['Cycling Ireland'],['Thomas Cup '],Badminton,1
Wrexham,['Wrexham AFC'],['Thomas Cup '],Badminton,1
Nick Kyrgios,['Tennis365'],['Wimbledon '],Tennis,1
Comoros,['Modern Ghana'],['Thomas Cup '],Badminton,1
Ali Al-Hamadi,['Chronicle Live'],['Wimbledon '],Tennis,1
Christenson,['Volleyball Magazine'],['Thomas Cup '],Badminton,1
Zenit Kazan,['Volleyball Magazine'],['Thomas Cup '],Badminton,1
Gabriel Jesus,['Football.London'],['Thomas Cup '],Badminton,1
Taylor,['talkSPORT'],['Wimbledon '],Tennis,1
Neal Maupay,['BBC'],['Thomas Cup '],Badminton,1
Eddie Nketiah,['Football.London'],['Thomas Cup '],Badminton,1
Benjamin Bouley Obituary,['Legacy.com'],['Thomas Cup '],Badminton,1
Carlo Ancelotti,['sportsmax.tv'],['Thomas Cup '],Badminton,1
Genie Bouchard,['talkSPORT'],['Wimbledon '],Tennis,1
Johno,['AFC Wimbledon'],['Wimbledon '],Tennis,1
Cristiano Ronaldo,['The Mirror'],['Thomas Cup '],Badminton,1
Karim Benzema,['The Mirror'],['Thomas Cup '],Badminton,1
Matchup Keys,['Predlines'],['Thomas Cup '],Badminton,1
Josh Williams,['The Columbus Dispatch'],['Thomas Cup '],Badminton,1
Terry,['AFC Wimbledon'],['Wimbledon '],Tennis,1
Calvin,['Caribbean Life'],['Thomas Cup '],Badminton,1
Thomas Partey,['Sky Sports'],['Thomas Cup '],Badminton,1
Gabriel Jesus Return,['Pain In The Arsenal'],['Thomas Cup '],Badminton,1
Billy Smith,['Lighthouse Hockey'],['Stanley Cup '],Ice Hockey,1
Rematch,['NHL.com'],['Stanley Cup '],Ice Hockey,1
Sam Reinhart,['The Hockey News'],['Stanley Cup '],Ice Hockey,1
Avalanche,['Mile High Hockey'],['Stanley Cup '],Ice Hockey,1
Golf,['NBC Sports'],['Stanley Cup '],Ice Hockey,1
Chris Como,['NBC Sports'],['Stanley Cup '],Ice Hockey,1
Jonathan Quick,['Forever Blueshirts'],['Stanley Cup '],Ice Hockey,1
Winnipeg Jets,['Arctic Ice Hockey'],['Stanley Cup '],Ice Hockey,1
Khan,['Wimbledon Guardian'],['Wimbledon '],Tennis,1
Inconsistent Maple Leafs,['Regina Leader Post'],['Stanley Cup '],Ice Hockey,1
Penguins,['Pittsburgh Hockey Now'],['Stanley Cup '],Ice Hockey,1
Huska,['TSN'],['Stanley Cup '],Ice Hockey,1
Roland Melanson,['Lighthouse Hockey'],['Stanley Cup '],Ice Hockey,1
Der Klassiker Win,['LatestLY'],['Thomas Cup '],Badminton,1
Jennings Trophy,['Lighthouse Hockey'],['Stanley Cup '],Ice Hockey,1
Robby Fabbri,['Sportskeeda'],['Stanley Cup '],Ice Hockey,1
Suzuki,['TSN'],['Stanley Cup '],Ice Hockey,1
Kevin Korchinski,['The Athletic'],['Stanley Cup '],Ice Hockey,1
Nicklas Backstrom,['ClutchPoints'],['Stanley Cup '],Ice Hockey,1
Dan Daily,['Pittsburgh Hockey Now'],['Stanley Cup '],Ice Hockey,1
Tocchet Remaking Canucks,['Pittsburgh Hockey Now'],['Stanley Cup '],Ice Hockey,1
D.J. Smith,['TSN'],['Stanley Cup '],Ice Hockey,1
David Hockney,['Wimbledon Guardian'],['Wimbledon '],Tennis,1
Robbie Williams,['Wimbledon Guardian'],['Wimbledon '],Tennis,1
Nicole Scherzinger,['Wimbledon Guardian'],['Wimbledon '],Tennis,1
Armored Core,['Sportskeeda'],['ESports '],Esports,1
